Name,id,display_name,works_api_url,h_index,works_count,country_code
marc keuschnigg,https://openalex.org/A5058700879,Marc Keuschnigg,https://api.openalex.org/works?filter=author.id:A5058700879,17.0,76.0,
sonia yeh,https://openalex.org/A5029945844,Sonia Yeh,https://api.openalex.org/works?filter=author.id:A5029945844,41.0,224.0,GB
peter hedström,https://openalex.org/A5071769816,Peter Hedström,https://api.openalex.org/works?filter=author.id:A5071769816,32.0,92.0,SE
nina tahmasebi,https://openalex.org/A5003859694,Nina Tahmasebi,https://api.openalex.org/works?filter=author.id:A5003859694,15.0,110.0,SE
elliot ash,https://openalex.org/A5106621037,Elliot Ash,https://api.openalex.org/works?filter=author.id:A5106621037,1.0,1.0,CH
hendrik erz,https://openalex.org/A5020654056,Hendrik Erz,https://api.openalex.org/works?filter=author.id:A5020654056,2.0,38.0,
mirta galesic,https://openalex.org/A5071165387,Mirta Galešić,https://api.openalex.org/works?filter=author.id:A5071165387,47.0,196.0,US
david garcia,https://openalex.org/A5038971800,William M. Gardner,https://api.openalex.org/works?filter=author.id:A5038971800,36.0,199.0,ES
josef ginnerskov,https://openalex.org/A5019523274,Josef Ginnerskov,https://api.openalex.org/works?filter=author.id:A5019523274,1.0,3.0,SE
jacob habinek,https://openalex.org/A5091135953,Jacob Habinek,https://api.openalex.org/works?filter=author.id:A5091135953,5.0,23.0,SE
petter holme,https://openalex.org/A5079517520,Petter Holme,https://api.openalex.org/works?filter=author.id:A5079517520,51.0,251.0,JP
andreas jungherr,https://openalex.org/A5042192372,Andreas Jungherr,https://api.openalex.org/works?filter=author.id:A5042192372,31.0,137.0,DE
juhi kulshrestha,https://openalex.org/A5075116664,Juhi Kulshrestha,https://api.openalex.org/works?filter=author.id:A5075116664,16.0,56.0,FI
erika fille t. legara,https://openalex.org/A5074548613,Erika Fille Legara,https://api.openalex.org/works?filter=author.id:A5074548613,13.0,48.0,PH
may lim,https://openalex.org/A5010526266,May Lim,https://api.openalex.org/works?filter=author.id:A5010526266,35.0,77.0,AU
laura lotero,https://openalex.org/A5084602527,Laura Lotero,https://api.openalex.org/works?filter=author.id:A5084602527,11.0,38.0,
angélica sousa da mata,https://openalex.org/A5056123843,Angélica S. Mata,https://api.openalex.org/works?filter=author.id:A5056123843,12.0,37.0,BR
denise pumain,https://openalex.org/A5040713816,Dénise Pumain,https://api.openalex.org/works?filter=author.id:A5040713816,33.0,610.0,FR
yang yue,https://openalex.org/A5011660475,Yue‐Heng Yang,https://api.openalex.org/works?filter=author.id:A5011660475,73.0,286.0,CN
martin arvidsson,https://openalex.org/A5008643048,Martin Arvidsson,https://api.openalex.org/works?filter=author.id:A5008643048,14.0,60.0,SE
yuan liao,https://openalex.org/A5108538229,Hong-Yuan Mark Liao,https://api.openalex.org/works?filter=author.id:A5108538229,35.0,195.0,TW
anastasia menshikova,https://openalex.org/A5024468323,Anastasia Menshikova,https://api.openalex.org/works?filter=author.id:A5024468323,2.0,6.0,SE
lauren fahey,https://openalex.org/A5027964188,Lauren E. Fahey,https://api.openalex.org/works?filter=author.id:A5027964188,1.0,1.0,US
zhao feng,https://openalex.org/A5100437036,Kai Wang,https://api.openalex.org/works?filter=author.id:A5100437036,171.0,7341.0,CN
thomas haase,https://openalex.org/A5071889215,Volker H. Haase,https://api.openalex.org/works?filter=author.id:A5071889215,67.0,175.0,US
yukun jiao,https://openalex.org/A5113598639,Yongli Jiao,https://api.openalex.org/works?filter=author.id:A5113598639,20.0,27.0,
xiaojing jie,https://openalex.org/A5100432839,Xiaojing Zhang,https://api.openalex.org/works?filter=author.id:A5100432839,24.0,90.0,CN
kazuki sakamoto,https://openalex.org/A5074705824,Kazuki Sakamoto,https://api.openalex.org/works?filter=author.id:A5074705824,22.0,187.0,JP
vsevolod suschevskiy,https://openalex.org/A5070427696,Vsevolod Suschevskiy,https://api.openalex.org/works?filter=author.id:A5070427696,1.0,7.0,US
yun-tsz tsai,https://openalex.org/A5112349429,Tsai-Yun Chan,https://api.openalex.org/works?filter=author.id:A5112349429,1.0,6.0,TW
yize zhang,https://openalex.org/A5064837504,Yize Zhang,https://api.openalex.org/works?filter=author.id:A5064837504,20.0,141.0,CN
yue zheng,https://openalex.org/A5006964660,Ming Zheng,https://api.openalex.org/works?filter=author.id:A5006964660,60.0,298.0,US
noé vidal-naquet,https://openalex.org/A5115804472,Noé Vidal-Naquet,https://api.openalex.org/works?filter=author.id:A5115804472,0.0,1.0,
dean eckles,https://openalex.org/A5080265907,Dean Eckles,https://api.openalex.org/works?filter=author.id:A5080265907,34.0,121.0,US
kathleen carley,https://openalex.org/A5085927300,Kathleen M. Carley,https://api.openalex.org/works?filter=author.id:A5085927300,80.0,881.0,
laura nelson,https://openalex.org/A5111667138,Laura E. Nelson,https://api.openalex.org/works?filter=author.id:A5111667138,12.0,21.0,US
duncan j. watts,https://openalex.org/A5000679279,Duncan J. Watts,https://api.openalex.org/works?filter=author.id:A5000679279,70.0,232.0,US
brandon stewart,https://openalex.org/A5113226689,Brandon Stewart,https://api.openalex.org/works?filter=author.id:A5113226689,31.0,303.0,US
lisa p. argyle,https://openalex.org/A5070497645,Lisa P. Argyle,https://api.openalex.org/works?filter=author.id:A5070497645,11.0,38.0,
amir goldberg,https://openalex.org/A5109219790,Amir Pnueli,https://api.openalex.org/works?filter=author.id:A5109219790,88.0,367.0,IL
arnout van de rijt,https://openalex.org/A5081982677,Arnout van de Rijt,https://api.openalex.org/works?filter=author.id:A5081982677,23.0,106.0,IT
sarah williams,https://openalex.org/A5033458280,Sarah Williams,https://api.openalex.org/works?filter=author.id:A5033458280,34.0,123.0,GB
étienne ollion,https://openalex.org/A5022704573,Étienne Ollion,https://api.openalex.org/works?filter=author.id:A5022704573,17.0,131.0,
émilien schultz,https://openalex.org/A5079294298,Émilien Schultz,https://api.openalex.org/works?filter=author.id:A5079294298,11.0,114.0,FR
miriam schirmer,https://openalex.org/A5036764962,Miriam Schirmer,https://api.openalex.org/works?filter=author.id:A5036764962,3.0,13.0,
julia mendelsohn,https://openalex.org/A5038833789,Julia Mendelsohn,https://api.openalex.org/works?filter=author.id:A5038833789,9.0,23.0,US
dustin wright,https://openalex.org/A5090577017,Dustin E. Wright,https://api.openalex.org/works?filter=author.id:A5090577017,9.0,25.0,
dietram a. scheufele,https://openalex.org/A5064753440,Dietram A. Scheufele,https://api.openalex.org/works?filter=author.id:A5064753440,76.0,327.0,US
ágnes horvát,https://openalex.org/A5004566032,Emőke-Ágnes Horvát,https://api.openalex.org/works?filter=author.id:A5004566032,15.0,72.0,US
caspar van lissa,https://openalex.org/A5069426228,Caspar J. Van Lissa,https://api.openalex.org/works?filter=author.id:A5069426228,36.0,200.0,NL
jorge barreras,https://openalex.org/A5035315636,Jorge Varela Barreras,https://api.openalex.org/works?filter=author.id:A5035315636,16.0,46.0,ES
thomas li,https://openalex.org/A5052819678,L. Li,https://api.openalex.org/works?filter=author.id:A5052819678,184.0,3382.0,
chen zhong,https://openalex.org/A5100430399,Zhong Chen,https://api.openalex.org/works?filter=author.id:A5100430399,103.0,1232.0,US
cate heine,https://openalex.org/A5027319334,Cate Heine,https://api.openalex.org/works?filter=author.id:A5027319334,7.0,21.0,GB
adam zhou,https://openalex.org/A5015739831,Andy Zhou,https://api.openalex.org/works?filter=author.id:A5015739831,11.0,50.0,DK
paolo turrini,https://openalex.org/A5066749809,Paolo Turrini,https://api.openalex.org/works?filter=author.id:A5066749809,13.0,21.0,IT
elias fernández domingos,https://openalex.org/A5056886170,Elias Fernández Domingos,https://api.openalex.org/works?filter=author.id:A5056886170,7.0,31.0,BE
kristina gligoric,https://openalex.org/A5031039880,Kristina Gligorić,https://api.openalex.org/works?filter=author.id:A5031039880,10.0,48.0,
cinoo lee,https://openalex.org/A5067413576,Cinoo Lee,https://api.openalex.org/works?filter=author.id:A5067413576,1.0,1.0,
tijana zrnic,https://openalex.org/A5032482329,Tijana Zrnic,https://api.openalex.org/works?filter=author.id:A5032482329,10.0,44.0,US
adel daoud,https://openalex.org/A5090745602,Adel Daoud,https://api.openalex.org/works?filter=author.id:A5090745602,21.0,143.0,SE
connor jerzak,https://openalex.org/A5026867670,Connor Jerzak,https://api.openalex.org/works?filter=author.id:A5026867670,5.0,509.0,SE
mark whiting,https://openalex.org/A5109996006,M. C. Whiting,https://api.openalex.org/works?filter=author.id:A5109996006,32.0,208.0,US
linnea gandhi,https://openalex.org/A5030831197,Katherine L. Milkman,https://api.openalex.org/works?filter=author.id:A5030831197,47.0,180.0,
duncan watts,https://openalex.org/A5000679279,Duncan J. Watts,https://api.openalex.org/works?filter=author.id:A5000679279,70.0,232.0,US
egor kotov,https://openalex.org/A5002144560,Egor Kotov,https://api.openalex.org/works?filter=author.id:A5002144560,2.0,39.0,ES
johannes mast,https://openalex.org/A5016430518,Johannes Mast,https://api.openalex.org/works?filter=author.id:A5016430518,6.0,20.0,US
matthew a. turner,https://openalex.org/A5045839389,Matthew A. Turner,https://api.openalex.org/works?filter=author.id:A5045839389,27.0,126.0,US
james holland jones,https://openalex.org/A5077865016,Larry V. Hedges,https://api.openalex.org/works?filter=author.id:A5077865016,98.0,450.0,US
kathleen carly,https://openalex.org/A5034443870,Katie Sweet,https://api.openalex.org/works?filter=author.id:A5034443870,22.0,29.0,GB
yaomin jiang,https://openalex.org/A5019284998,Yi Jiang,https://api.openalex.org/works?filter=author.id:A5019284998,41.0,234.0,ES
levin brinkmann,https://openalex.org/A5061514105,Levin Brinkmann,https://api.openalex.org/works?filter=author.id:A5061514105,5.0,15.0,DE
anne-marie nussberger,https://openalex.org/A5086655976,Anne-Marie Nußberger,https://api.openalex.org/works?filter=author.id:A5086655976,10.0,34.0,GB
ivan soraperra,https://openalex.org/A5071006314,Ivan Soraperra,https://api.openalex.org/works?filter=author.id:A5071006314,13.0,67.0,DE
jf bonnefon,https://openalex.org/A5039792659,JF Bonnefon,https://api.openalex.org/works?filter=author.id:A5039792659,0.0,1.0,
iyad rahwan,https://openalex.org/A5009232244,Iyad Rahwan,https://api.openalex.org/works?filter=author.id:A5009232244,49.0,335.0,DE
david alexander ehrlich,https://openalex.org/A5029115979,David A. Ehrlich,https://api.openalex.org/works?filter=author.id:A5029115979,7.0,19.0,DE
viola priesemann,https://openalex.org/A5079452617,Viola Priesemann,https://api.openalex.org/works?filter=author.id:A5079452617,36.0,248.0,DE
pratyusha kalluri,https://openalex.org/A5011684148,Pratyusha Kalluri,https://api.openalex.org/works?filter=author.id:A5011684148,12.0,15.0,US
maggie harrington,https://openalex.org/A5084552686,Maggie Harrington,https://api.openalex.org/works?filter=author.id:A5084552686,3.0,5.0,US
esin durmus,https://openalex.org/A5001994692,Esin Durmus,https://api.openalex.org/works?filter=author.id:A5001994692,19.0,51.0,
kiara l. sanchez,https://openalex.org/A5025451579,Kiara L. Sanchez,https://api.openalex.org/works?filter=author.id:A5025451579,3.0,5.0,
nay san,https://openalex.org/A5012458624,Nay San,https://api.openalex.org/works?filter=author.id:A5012458624,7.0,45.0,US
danny tse,https://openalex.org/A5079301645,Danny Tse Ngong,https://api.openalex.org/works?filter=author.id:A5079301645,1.0,1.0,
xuan zhao,https://openalex.org/A5100647548,Kai Zhao,https://api.openalex.org/works?filter=author.id:A5100647548,39.0,247.0,TH
maryam hamedani,https://openalex.org/A5005475114,MarYam G. Hamedani,https://api.openalex.org/works?filter=author.id:A5005475114,6.0,19.0,
hazel rose markus,https://openalex.org/A5020076556,Hazel Rose Markus,https://api.openalex.org/works?filter=author.id:A5020076556,102.0,324.0,US
dan jurafsky,https://openalex.org/A5087088138,Dan Jurafsky,https://api.openalex.org/works?filter=author.id:A5087088138,84.0,369.0,US
jennifer l. eberhardt,https://openalex.org/A5054094267,Jennifer L. Eberhardt,https://api.openalex.org/works?filter=author.id:A5054094267,30.0,93.0,US
giuliano cornacchia,https://openalex.org/A5081445152,Giuliano Cornacchia,https://api.openalex.org/works?filter=author.id:A5081445152,5.0,24.0,IT
luca pappalardo,https://openalex.org/A5068819495,Luca Pappalardo,https://api.openalex.org/works?filter=author.id:A5068819495,33.0,175.0,IT
mirco nanni,https://openalex.org/A5009248582,Mirco Nanni,https://api.openalex.org/works?filter=author.id:A5009248582,26.0,155.0,IT
dino pedreschi,https://openalex.org/A5044898565,Dino Pedreschi,https://api.openalex.org/works?filter=author.id:A5044898565,57.0,384.0,IT
marta c. gonzalez,https://openalex.org/A5111672074,Marta C. González,https://api.openalex.org/works?filter=author.id:A5111672074,55.0,225.0,US
drew johnston,https://openalex.org/A5031680408,Drew Johnston,https://api.openalex.org/works?filter=author.id:A5031680408,9.0,29.0,US
michael bailey,https://openalex.org/A5009735497,Michael Bailey,https://api.openalex.org/works?filter=author.id:A5009735497,115.0,1221.0,AU
ayush kumar,https://openalex.org/A5028360618,Ayush Kumar,https://api.openalex.org/works?filter=author.id:A5028360618,34.0,158.0,GB
theresa kuchler,https://openalex.org/A5006578976,Theresa Kuchler,https://api.openalex.org/works?filter=author.id:A5006578976,30.0,97.0,US
johannes stroebel,https://openalex.org/A5072573663,Johannes Stroebel,https://api.openalex.org/works?filter=author.id:A5072573663,47.0,175.0,US
zerui tian,https://openalex.org/A5015358540,Zerui Tian,https://api.openalex.org/works?filter=author.id:A5015358540,4.0,8.0,CN
marko čuljak,https://openalex.org/A5088202209,Gordana Pavliša,https://api.openalex.org/works?filter=author.id:A5088202209,11.0,89.0,HR
andreas spitz,https://openalex.org/A5018128415,Andreas Spitz,https://api.openalex.org/works?filter=author.id:A5018128415,16.0,111.0,DE
akhil arora,https://openalex.org/A5002429891,Anmol Arora,https://api.openalex.org/works?filter=author.id:A5002429891,24.0,203.0,IN
keigo kusumegi,https://openalex.org/A5078875628,Keigo Kusumegi,https://api.openalex.org/works?filter=author.id:A5078875628,1.0,4.0,JP
xinyu yang,https://openalex.org/A5056067943,Xinyu Yang,https://api.openalex.org/works?filter=author.id:A5056067943,44.0,543.0,CN
paul ginsparg,https://openalex.org/A5060975667,Paul Ginsparg,https://api.openalex.org/works?filter=author.id:A5060975667,35.0,98.0,
mathijs de vaan,https://openalex.org/A5044125536,Mathijs de Vaan,https://api.openalex.org/works?filter=author.id:A5044125536,15.0,50.0,US
toby stuart,https://openalex.org/A5032016061,Toby E. Stuart,https://api.openalex.org/works?filter=author.id:A5032016061,44.0,111.0,
yian yin,https://openalex.org/A5013465081,Yian Yin,https://api.openalex.org/works?filter=author.id:A5013465081,13.0,32.0,US
samar haider,https://openalex.org/A5020790791,Samar Haider,https://api.openalex.org/works?filter=author.id:A5020790791,3.0,14.0,US
jenny shan wang,https://openalex.org/A5101701156,Zengshan Li,https://api.openalex.org/works?filter=author.id:A5101701156,29.0,162.0,CN
amir tohidi kalorazi,https://openalex.org/A5066951068,Amir Tohidi Kalorazi,https://api.openalex.org/works?filter=author.id:A5066951068,0.0,1.0,
timothy dörr,https://openalex.org/A5055160277,Timothy G. Dorr,https://api.openalex.org/works?filter=author.id:A5055160277,3.0,10.0,US
david rothschild,https://openalex.org/A5054707908,David Rothschild,https://api.openalex.org/works?filter=author.id:A5054707908,30.0,237.0,US
chris callison-burch,https://openalex.org/A5068508539,Chris Callison-Burch,https://api.openalex.org/works?filter=author.id:A5068508539,60.0,375.0,US
ali salloum,https://openalex.org/A5068770852,Ali Pınar,https://api.openalex.org/works?filter=author.id:A5068770852,30.0,296.0,TR
yan xia,https://openalex.org/A5100367775,Yan Xia,https://api.openalex.org/works?filter=author.id:A5100367775,43.0,662.0,US
mikko kivelä,https://openalex.org/A5002020728,Mikko Kivelä,https://api.openalex.org/works?filter=author.id:A5002020728,22.0,118.0,FI
corinna coupette,https://openalex.org/A5054439389,Corinna Coupette,https://api.openalex.org/works?filter=author.id:A5054439389,7.0,62.0,DE
ghadeer awwad,https://openalex.org/A5097605722,Ghadeer Awwad,https://api.openalex.org/works?filter=author.id:A5097605722,1.0,1.0,US
david gamba,https://openalex.org/A5037188851,David Gamba,https://api.openalex.org/works?filter=author.id:A5037188851,1.0,5.0,US
lavinia dunagan,https://openalex.org/A5062199735,Lavinia Dunagan,https://api.openalex.org/works?filter=author.id:A5062199735,3.0,10.0,US
tamara n. rayan,https://openalex.org/A5087802768,Tamara X. Rayan,https://api.openalex.org/works?filter=author.id:A5087802768,1.0,3.0,US
yingdan lu,https://openalex.org/A5032446414,Yingdan Lu,https://api.openalex.org/works?filter=author.id:A5032446414,11.0,47.0,US
xinyi liu,https://openalex.org/A5100395652,Xinyi Liu,https://api.openalex.org/works?filter=author.id:A5100395652,34.0,390.0,CN
carl zhou,https://openalex.org/A5033444412,Bolei Zhou,https://api.openalex.org/works?filter=author.id:A5033444412,65.0,262.0,US
timo koch,https://openalex.org/A5042696215,Troels Koch,https://api.openalex.org/works?filter=author.id:A5042696215,32.0,98.0,US
sanaz talaifar,https://openalex.org/A5065764227,Sanaz Talaifar,https://api.openalex.org/works?filter=author.id:A5065764227,14.0,35.0,
daniel racek,https://openalex.org/A5048905415,Daniel Racek,https://api.openalex.org/works?filter=author.id:A5048905415,5.0,23.0,DE
jan digutsch,https://openalex.org/A5002716088,Jan Digutsch,https://api.openalex.org/works?filter=author.id:A5002716088,6.0,15.0,DE
pietro alessandro aluffi,https://openalex.org/A5116210782,Pietro Alessandro Aluffi,https://api.openalex.org/works?filter=author.id:A5116210782,1.0,1.0,
ramona schoedel,https://openalex.org/A5034735453,Ramona Schoedel,https://api.openalex.org/works?filter=author.id:A5034735453,14.0,81.0,DE
markus buehner,https://openalex.org/A5001528235,Markus Buehner,https://api.openalex.org/works?filter=author.id:A5001528235,7.0,17.0,DE
clemens stachl,https://openalex.org/A5048056611,Clemens Stachl,https://api.openalex.org/works?filter=author.id:A5048056611,21.0,93.0,CH
shaily bhatt,https://openalex.org/A5102901503,Shuchi Bhatt,https://api.openalex.org/works?filter=author.id:A5102901503,16.0,145.0,
tal august,https://openalex.org/A5029563909,Tal August,https://api.openalex.org/works?filter=author.id:A5029563909,13.0,43.0,
maria antoniak,https://openalex.org/A5001225581,Maria Antoniak,https://api.openalex.org/works?filter=author.id:A5001225581,8.0,50.0,US
mohammed alsobay,https://openalex.org/A5027814433,Mohammed Alsobay,https://api.openalex.org/works?filter=author.id:A5027814433,4.0,20.0,US
jake m. hofman,https://openalex.org/A5081429241,Jake M. Hofman,https://api.openalex.org/works?filter=author.id:A5081429241,29.0,80.0,US
daniel g. goldstein,https://openalex.org/A5007746083,Daniel G. Goldstein,https://api.openalex.org/works?filter=author.id:A5007746083,48.0,229.0,US
junsol kim,https://openalex.org/A5028191957,Junsol Kim,https://api.openalex.org/works?filter=author.id:A5028191957,6.0,15.0,US
james evans,https://openalex.org/A5071261828,James Evans,https://api.openalex.org/works?filter=author.id:A5071261828,59.0,765.0,US
aaron schein,https://openalex.org/A5021334672,Joshua Maynez,https://api.openalex.org/works?filter=author.id:A5021334672,12.0,50.0,
helena bjornesjo,https://openalex.org/A5124887153,Helena Björnesjö,https://api.openalex.org/works?filter=author.id:A5124887153,0.0,2.0,SE
axel alness borg,https://openalex.org/A5124876464,Axel Alness Borg,https://api.openalex.org/works?filter=author.id:A5124876464,0.0,1.0,SE
katie cohen,https://openalex.org/A5014041950,Matt A. Price,https://api.openalex.org/works?filter=author.id:A5014041950,45.0,347.0,ZM
björn pelzer,https://openalex.org/A5044522890,Björn Pelzer,https://api.openalex.org/works?filter=author.id:A5044522890,11.0,34.0,SE
erik wachtmeister,https://openalex.org/A5124966893,Erik Wachtmeister,https://api.openalex.org/works?filter=author.id:A5124966893,0.0,1.0,SE
yilun liu,https://openalex.org/A5100748612,Chao Gao,https://api.openalex.org/works?filter=author.id:A5100748612,74.0,466.0,CN
daniel matter,https://openalex.org/A5073734735,Daniel Matter,https://api.openalex.org/works?filter=author.id:A5073734735,10.0,31.0,US
jürgen pfeffer,https://openalex.org/A5109562869,Linton C. Freeman,https://api.openalex.org/works?filter=author.id:A5109562869,40.0,106.0,US
katelyn x. mei,https://openalex.org/A5008536718,K.K. Mei,https://api.openalex.org/works?filter=author.id:A5008536718,26.0,170.0,CN
anna seo gyeong choi,https://openalex.org/A5102733770,Anna Seo Gyeong Choi,https://api.openalex.org/works?filter=author.id:A5102733770,3.0,13.0,US
hilke schellmann,https://openalex.org/A5006651432,Hilke Schellmann,https://api.openalex.org/works?filter=author.id:A5006651432,3.0,4.0,US
mona sloane,https://openalex.org/A5075302056,Mona Sloane,https://api.openalex.org/works?filter=author.id:A5075302056,12.0,61.0,US
allison koenecke,https://openalex.org/A5065441417,Joshua T Vogelstein,https://api.openalex.org/works?filter=author.id:A5065441417,48.0,582.0,US
hannah waight,https://openalex.org/A5033712412,Hannah Waight,https://api.openalex.org/works?filter=author.id:A5033712412,1.0,4.0,US
eddie yang,https://openalex.org/A5055381395,Eddie Belter,https://api.openalex.org/works?filter=author.id:A5055381395,3.0,3.0,
yin yuan,https://openalex.org/A5100753210,Yuan Yin,https://api.openalex.org/works?filter=author.id:A5100753210,44.0,141.0,CN
solomon messing,https://openalex.org/A5069884896,Solomon Messing,https://api.openalex.org/works?filter=author.id:A5069884896,22.0,114.0,US
margaret roberts,https://openalex.org/A5082742221,Margaret E. Roberts,https://api.openalex.org/works?filter=author.id:A5082742221,38.0,207.0,US
brandon m. stewart,https://openalex.org/A5113226689,Brandon Stewart,https://api.openalex.org/works?filter=author.id:A5113226689,31.0,303.0,US
joshua tucker,https://openalex.org/A5072046918,Joshua A. Tucker,https://api.openalex.org/works?filter=author.id:A5072046918,62.0,417.0,US
hanjia lyu,https://openalex.org/A5040900346,Hanjia Lyu,https://api.openalex.org/works?filter=author.id:A5040900346,17.0,102.0,US
jiebo luo,https://openalex.org/A5055469774,Jiebo Luo,https://api.openalex.org/works?filter=author.id:A5055469774,97.0,1209.0,
jian kang,https://openalex.org/A5049293054,Jian‐Kang Zhu,https://api.openalex.org/works?filter=author.id:A5049293054,190.0,739.0,US
edoardo loru,https://openalex.org/A5092998265,Edoardo Loru,https://api.openalex.org/works?filter=author.id:A5092998265,3.0,17.0,
jacopo nudo,https://openalex.org/A5116001022,Jacopo Nudo,https://api.openalex.org/works?filter=author.id:A5116001022,2.0,12.0,
niccolò di marco,https://openalex.org/A5085261603,Niccolò Di Marco,https://api.openalex.org/works?filter=author.id:A5085261603,7.0,42.0,IT
edoardo di martino,https://openalex.org/A5114988046,Edoardo Di Martino,https://api.openalex.org/works?filter=author.id:A5114988046,1.0,6.0,IT
matteo cinelli,https://openalex.org/A5076143079,Matteo Cinelli,https://api.openalex.org/works?filter=author.id:A5076143079,20.0,125.0,IT
walter quattrociocchi,https://openalex.org/A5008291667,Walter Quattrociocchi,https://api.openalex.org/works?filter=author.id:A5008291667,40.0,197.0,IT
jonathan sakunkoo,https://openalex.org/A5109819791,Jonathan Sakunkoo,https://api.openalex.org/works?filter=author.id:A5109819791,0.0,5.0,US
annabella sakunkoo,https://openalex.org/A5109819792,Annabella Sakunkoo,https://api.openalex.org/works?filter=author.id:A5109819792,0.0,5.0,US
daniele barolo,https://openalex.org/A5119875601,Daniele Barolo,https://api.openalex.org/works?filter=author.id:A5119875601,0.0,1.0,
chiara valentin,https://openalex.org/A5064876416,Raluca Bievel Radulescu,https://api.openalex.org/works?filter=author.id:A5064876416,8.0,18.0,RO
fariba karimi,https://openalex.org/A5074129504,Fariba Karimi,https://api.openalex.org/works?filter=author.id:A5074129504,17.0,109.0,
luis galárraga,https://openalex.org/A5081390951,Luis Galárraga,https://api.openalex.org/works?filter=author.id:A5081390951,14.0,74.0,FR
gonzalo gabriel méndez,https://openalex.org/A5040730614,Gonzalo Gabriel Méndez,https://api.openalex.org/works?filter=author.id:A5040730614,9.0,39.0,EC
lisette espin-noboa,https://openalex.org/A5014548243,Lisette Espín-Noboa,https://api.openalex.org/works?filter=author.id:A5014548243,8.0,29.0,
hope schroeder,https://openalex.org/A5018646665,Hope Schroeder,https://api.openalex.org/works?filter=author.id:A5018646665,5.0,15.0,US
deb roy,https://openalex.org/A5004281470,Deb Roy,https://api.openalex.org/works?filter=author.id:A5004281470,42.0,274.0,DE
jad kabbara,https://openalex.org/A5026429870,Jad Kabbara,https://api.openalex.org/works?filter=author.id:A5026429870,7.0,32.0,
kristina gligorić,https://openalex.org/A5031039880,Kristina Gligorić,https://api.openalex.org/works?filter=author.id:A5031039880,10.0,48.0,
emmanuel candes,https://openalex.org/A5072495084,Emmanuel J. Candès,https://api.openalex.org/works?filter=author.id:A5072495084,88.0,299.0,
alisa kanganis,https://openalex.org/A5117815526,Alisa Kanganis,https://api.openalex.org/works?filter=author.id:A5117815526,0.0,2.0,
katherine a. keith,https://openalex.org/A5109210308,Wilbur A. Franklin,https://api.openalex.org/works?filter=author.id:A5109210308,92.0,637.0,
achim edelmann,https://openalex.org/A5083303782,S. Kellogg,https://api.openalex.org/works?filter=author.id:A5083303782,11.0,87.0,FR
simon walo,https://openalex.org/A5092515835,Simon Walo,https://api.openalex.org/works?filter=author.id:A5092515835,3.0,6.0,CH
panayiotis smeros,https://openalex.org/A5082283204,Panayiotis Smeros,https://api.openalex.org/works?filter=author.id:A5082283204,6.0,19.0,
sergio e. zanotto,https://openalex.org/A5095765187,Sergio E. Zanotto,https://api.openalex.org/works?filter=author.id:A5095765187,1.0,4.0,
segun aroyehun,https://openalex.org/A5063612283,Segun Taofeek Aroyehun,https://api.openalex.org/works?filter=author.id:A5063612283,6.0,31.0,DE
shreya havaldar,https://openalex.org/A5024378198,Shreya Havaldar,https://api.openalex.org/works?filter=author.id:A5024378198,8.0,32.0,US
lyle ungar,https://openalex.org/A5044944954,Lyle Ungar,https://api.openalex.org/works?filter=author.id:A5044944954,87.0,653.0,
jacy reese anthis,https://openalex.org/A5007178173,Jacy Reese Anthis,https://api.openalex.org/works?filter=author.id:A5007178173,8.0,45.0,US
erik brynjolfsson,https://openalex.org/A5038255653,Erik Brynjolfsson,https://api.openalex.org/works?filter=author.id:A5038255653,85.0,324.0,US
hiromu yakura,https://openalex.org/A5051687457,Hiromu Yakura,https://api.openalex.org/works?filter=author.id:A5051687457,14.0,46.0,DE
ezequiel lopez-lopez,https://openalex.org/A5091243468,Ezequiel López‐Rubio,https://api.openalex.org/works?filter=author.id:A5091243468,25.0,215.0,
ignacio serna,https://openalex.org/A5073286477,Sergio Ignacio Serna‐Garcés,https://api.openalex.org/works?filter=author.id:A5073286477,10.0,65.0,CO
prateek gupta,https://openalex.org/A5076308776,Prateek K. Gupta,https://api.openalex.org/works?filter=author.id:A5076308776,27.0,116.0,US
babak heydari,https://openalex.org/A5073502448,Yakov Bart,https://api.openalex.org/works?filter=author.id:A5073502448,18.0,85.0,US
negin maddah,https://openalex.org/A5062663565,Majid Elahi Shirvan,https://api.openalex.org/works?filter=author.id:A5062663565,26.0,105.0,IR
thomas f. eisenmann,https://openalex.org/A5028493599,Thomas Müller,https://api.openalex.org/works?filter=author.id:A5028493599,8.0,49.0,FR
andres karjus,https://openalex.org/A5064355537,Andres Karjus,https://api.openalex.org/works?filter=author.id:A5064355537,9.0,46.0,EE
mar canet sola,https://openalex.org/A5030086247,Mar Canet Solà,https://api.openalex.org/works?filter=author.id:A5030086247,7.0,37.0,DE
bramantyo ibrahim supriyatno,https://openalex.org/A5116004343,Bramantyo Ibrahim Supriyatno,https://api.openalex.org/works?filter=author.id:A5116004343,2.0,3.0,DE
arti thakur,https://openalex.org/A5113328275,A.R. Thakur,https://api.openalex.org/works?filter=author.id:A5113328275,9.0,22.0,IN
tom murray,https://openalex.org/A5102733391,Christopher J L Murray,https://api.openalex.org/works?filter=author.id:A5102733391,254.0,1004.0,US
martin hilbert,https://openalex.org/A5050101991,Martin Hilbert,https://api.openalex.org/works?filter=author.id:A5050101991,27.0,154.0,US
mahnaz roshanaei,https://openalex.org/A5019800917,Mahnaz Roshanaei,https://api.openalex.org/works?filter=author.id:A5019800917,8.0,17.0,US
rezvaneh rezapour,https://openalex.org/A5012092057,Rezvaneh Rezapour,https://api.openalex.org/works?filter=author.id:A5012092057,8.0,66.0,
magy el-nasr,https://openalex.org/A5087676774,Magy Seif El‐Nasr,https://api.openalex.org/works?filter=author.id:A5087676774,32.0,268.0,US
kenji yokotani,https://openalex.org/A5102845677,Kenji Yokotani,https://api.openalex.org/works?filter=author.id:A5102845677,6.0,30.0,
nobuhito abe,https://openalex.org/A5074372343,Nobuhito Abe,https://api.openalex.org/works?filter=author.id:A5074372343,28.0,158.0,JP
masahiro takamura,https://openalex.org/A5031344663,Masahiro Takamura,https://api.openalex.org/works?filter=author.id:A5031344663,25.0,112.0,JP
connor thomas jerzak,https://openalex.org/A5026867670,Connor Jerzak,https://api.openalex.org/works?filter=author.id:A5026867670,5.0,509.0,SE
david broska,https://openalex.org/A5106657157,David Broska,https://api.openalex.org/works?filter=author.id:A5106657157,2.0,5.0,US
austin van loon,https://openalex.org/A5008773289,Jan G. Voelkel,https://api.openalex.org/works?filter=author.id:A5008773289,20.0,76.0,US
michael howes,https://openalex.org/A5027282576,Michael Howes,https://api.openalex.org/works?filter=author.id:A5027282576,31.0,258.0,US
elizaveta sivak,https://openalex.org/A5084918963,Елизавета Сивак,https://api.openalex.org/works?filter=author.id:A5084918963,10.0,52.0,
gert stulp,https://openalex.org/A5086908160,Gert Stulp,https://api.openalex.org/works?filter=author.id:A5086908160,30.0,119.0,NL
dagoberto quevedo,https://openalex.org/A5001533723,Dagoberto R. Quevedo-Orozco,https://api.openalex.org/works?filter=author.id:A5001533723,2.0,2.0,MX
diego donoso,https://openalex.org/A5030344964,Diego José Donoso Vargas,https://api.openalex.org/works?filter=author.id:A5030344964,2.0,10.0,EC
roberto gillmore,https://openalex.org/A5030056138,Roberto Gillmore,https://api.openalex.org/works?filter=author.id:A5030056138,1.0,3.0,US
josh nguyen,https://openalex.org/A5060903289,Josh Nguyen,https://api.openalex.org/works?filter=author.id:A5060903289,4.0,14.0,AU
mark e. whiting,https://openalex.org/A5051619063,Mark E. Cohen,https://api.openalex.org/works?filter=author.id:A5051619063,57.0,331.0,US
neele engelmann,https://openalex.org/A5059611597,Neele Engelmann,https://api.openalex.org/works?filter=author.id:A5059611597,6.0,20.0,
lara kirfel,https://openalex.org/A5065284861,Lara Kirfel,https://api.openalex.org/works?filter=author.id:A5065284861,9.0,26.0,DE
raluca rilla,https://openalex.org/A5117445889,Raluca Rilla,https://api.openalex.org/works?filter=author.id:A5117445889,2.0,5.0,US
yelena mejova,https://openalex.org/A5041808447,Yelena Mejova,https://api.openalex.org/works?filter=author.id:A5041808447,23.0,157.0,IT
ronald e. robertson,https://openalex.org/A5073774344,Ronald E. Robertson,https://api.openalex.org/works?filter=author.id:A5073774344,18.0,56.0,US
sarah mcketta,https://openalex.org/A5045847972,Sarah McKetta,https://api.openalex.org/works?filter=author.id:A5045847972,20.0,64.0,US
catherine a. gimbrone,https://openalex.org/A5078459283,Catherine Gimbrone,https://api.openalex.org/works?filter=author.id:A5078459283,11.0,28.0,US
byunghwee lee,https://openalex.org/A5039707142,Byunghwee Lee,https://api.openalex.org/works?filter=author.id:A5039707142,4.0,16.0,US
sangyeon kim,https://openalex.org/A5083807006,Sangyeon Kim,https://api.openalex.org/works?filter=author.id:A5083807006,11.0,49.0,KR
filippo menczer,https://openalex.org/A5021346979,Filippo Menczer,https://api.openalex.org/works?filter=author.id:A5021346979,69.0,660.0,US
yong-yeol ahn,https://openalex.org/A5059236838,Yong‐Yeol Ahn,https://api.openalex.org/works?filter=author.id:A5059236838,41.0,234.0,US
haewoon kwak,https://openalex.org/A5061923992,Haewoon Kwak,https://api.openalex.org/works?filter=author.id:A5061923992,41.0,205.0,US
jisun an,https://openalex.org/A5084955495,Jisun An,https://api.openalex.org/works?filter=author.id:A5084955495,32.0,184.0,CN
xudong tang,https://openalex.org/A5071329338,Xudong Tang,https://api.openalex.org/works?filter=author.id:A5071329338,28.0,175.0,CN
matthew groh,https://openalex.org/A5042355795,Matthew Groh,https://api.openalex.org/works?filter=author.id:A5042355795,17.0,71.0,US
angelina voggenreiter,https://openalex.org/A5033400036,Angelina Voggenreiter,https://api.openalex.org/works?filter=author.id:A5033400036,2.0,5.0,DE
emoke-agnes horvat,https://openalex.org/A5004566032,Emőke-Ágnes Horvát,https://api.openalex.org/works?filter=author.id:A5004566032,15.0,72.0,US
tobias werner,https://openalex.org/A5024215194,Tobias Werner,https://api.openalex.org/works?filter=author.id:A5024215194,34.0,122.0,DE
emilio calvano,https://openalex.org/A5030092162,Emilio Calvano,https://api.openalex.org/works?filter=author.id:A5030092162,19.0,46.0,
david c. parkes,https://openalex.org/A5086173064,David C. Parkes,https://api.openalex.org/works?filter=author.id:A5086173064,59.0,485.0,US
nadezhda ozornina,https://openalex.org/A5038292442,Nadezhda Ozornina,https://api.openalex.org/works?filter=author.id:A5038292442,3.0,4.0,
tina law,https://openalex.org/A5003680815,Tina Law,https://api.openalex.org/works?filter=author.id:A5003680815,6.0,23.0,AU
elizabeth roberto,https://openalex.org/A5047340885,Wendy S. Post,https://api.openalex.org/works?filter=author.id:A5047340885,103.0,916.0,US
matias piqueras,https://openalex.org/A5111264644,Matías Piqueras,https://api.openalex.org/works?filter=author.id:A5111264644,1.0,3.0,SE
alexandra segerberg,https://openalex.org/A5054478253,Alexandra Segerberg,https://api.openalex.org/works?filter=author.id:A5054478253,14.0,38.0,SE
matteo magnani,https://openalex.org/A5018392096,Matteo Magnani,https://api.openalex.org/works?filter=author.id:A5018392096,28.0,194.0,SE
lucas spierenburg,https://openalex.org/A5061130912,Lucas Spierenburg,https://api.openalex.org/works?filter=author.id:A5061130912,3.0,10.0,NL
sander van cranenburgh,https://openalex.org/A5049825776,Sander van Cranenburgh,https://api.openalex.org/works?filter=author.id:A5049825776,19.0,112.0,NL
oded cats,https://openalex.org/A5058766860,Oded Cats,https://api.openalex.org/works?filter=author.id:A5058766860,56.0,431.0,SE
juan sebastian olier,https://openalex.org/A5082133511,Juan Sebastián Olier,https://api.openalex.org/works?filter=author.id:A5082133511,6.0,13.0,NL
camilla spadavecchia,https://openalex.org/A5077212850,Camilla Spadavecchia,https://api.openalex.org/works?filter=author.id:A5077212850,4.0,8.0,NL
evey jiaxin huang,https://openalex.org/A5048372184,Evey Jiaxin Huang,https://api.openalex.org/works?filter=author.id:A5048372184,4.0,7.0,US
daniel abrams,https://openalex.org/A5086653394,Daniel M. Abrams,https://api.openalex.org/works?filter=author.id:A5086653394,23.0,114.0,US
brian uzzi,https://openalex.org/A5015711710,Brian Uzzi,https://api.openalex.org/works?filter=author.id:A5015711710,51.0,191.0,US
arthur thomas edward capozzi lupi,https://openalex.org/A5031186443,Arthur Capozzi,https://api.openalex.org/works?filter=author.id:A5031186443,3.0,14.0,IT
corrado monti,https://openalex.org/A5002012048,Corrado Monti,https://api.openalex.org/works?filter=author.id:A5002012048,13.0,56.0,IT
gianmarco de francisci morales,https://openalex.org/A5041680508,Gianmarco De Francisci Morales,https://api.openalex.org/works?filter=author.id:A5041680508,26.0,175.0,IT
ceren budak,https://openalex.org/A5086827245,Ceren Budak,https://api.openalex.org/works?filter=author.id:A5086827245,22.0,108.0,US
bruno gabriel salvador casara,https://openalex.org/A5070806741,Bruno Gabriel Salvador Casara,https://api.openalex.org/works?filter=author.id:A5070806741,11.0,37.0,IT
anne maass,https://openalex.org/A5037013778,Anne Maass,https://api.openalex.org/works?filter=author.id:A5037013778,53.0,202.0,AE
bedoor alshebli,https://openalex.org/A5036868218,Bedoor AlShebli,https://api.openalex.org/works?filter=author.id:A5036868218,14.0,37.0,AE
elliot e. pickens,https://openalex.org/A5084148692,Elliot E. Pickens,https://api.openalex.org/works?filter=author.id:A5084148692,1.0,2.0,
alexandria leto,https://openalex.org/A5093992721,Alexandria Leto,https://api.openalex.org/works?filter=author.id:A5093992721,1.0,4.0,
maria leonor pacheco,https://openalex.org/A5005560875,María Leonor Pacheco,https://api.openalex.org/works?filter=author.id:A5005560875,8.0,40.0,US
baird howland,https://openalex.org/A5033543507,Baird Howland,https://api.openalex.org/works?filter=author.id:A5033543507,5.0,6.0,US
marion fourcade,https://openalex.org/A5064154638,Marion Fourcade,https://api.openalex.org/works?filter=author.id:A5064154638,31.0,113.0,US
david harding,https://openalex.org/A5102860548,David J. Harding,https://api.openalex.org/works?filter=author.id:A5102860548,42.0,416.0,US
björn ross,https://openalex.org/A5023817571,Björn Roß,https://api.openalex.org/works?filter=author.id:A5023817571,20.0,79.0,GB
reed orchinik,https://openalex.org/A5015843011,Reed Orchinik,https://api.openalex.org/works?filter=author.id:A5015843011,4.0,20.0,US
stephan lewandowsky,https://openalex.org/A5017914184,Stephan Lewandowsky,https://api.openalex.org/works?filter=author.id:A5017914184,94.0,664.0,DE
eckehard olbrich,https://openalex.org/A5074755166,Eckehard Olbrich,https://api.openalex.org/works?filter=author.id:A5074755166,23.0,109.0,DE
armin pournaki,https://openalex.org/A5080502439,Armin Pournaki,https://api.openalex.org/works?filter=author.id:A5080502439,4.0,24.0,FR
hans-joachim voth,https://openalex.org/A5064565742,Hans‐Joachim Voth,https://api.openalex.org/works?filter=author.id:A5064565742,43.0,299.0,CH
vasiliki fouka,https://openalex.org/A5045475903,Vasiliki Fouka,https://api.openalex.org/works?filter=author.id:A5045475903,16.0,131.0,US
pedro ramaciotti morales,https://openalex.org/A5032431129,Pedro Ramaciotti Morales,https://api.openalex.org/works?filter=author.id:A5032431129,9.0,77.0,FR
yufan guo,https://openalex.org/A5103324245,Yufan Guo,https://api.openalex.org/works?filter=author.id:A5103324245,26.0,127.0,CN
yilang peng,https://openalex.org/A5112752610,Yilang Peng,https://api.openalex.org/works?filter=author.id:A5112752610,16.0,38.0,US
tian yang,https://openalex.org/A5065295188,Yang Tian,https://api.openalex.org/works?filter=author.id:A5065295188,69.0,493.0,CN
fredrik jansson,https://openalex.org/A5040642674,Sekar Kathiresan,https://api.openalex.org/works?filter=author.id:A5040642674,77.0,223.0,US
laia castro herrero,https://openalex.org/A5002715752,Laia Castro,https://api.openalex.org/works?filter=author.id:A5002715752,15.0,43.0,ES
yuan zhang,https://openalex.org/A5100368754,Yuan Zhang,https://api.openalex.org/works?filter=author.id:A5100368754,71.0,487.0,CN
frank esser,https://openalex.org/A5042787477,Frank Esser,https://api.openalex.org/works?filter=author.id:A5042787477,56.0,300.0,CH
jihye park,https://openalex.org/A5025102458,Youjae Yi,https://api.openalex.org/works?filter=author.id:A5025102458,46.0,234.0,KR
michael amsler,https://openalex.org/A5068309731,A. Hinzmann,https://api.openalex.org/works?filter=author.id:A5068309731,137.0,1803.0,DE
julia schulte-cloos,https://openalex.org/A5075306992,Julia Schulte-Cloos,https://api.openalex.org/works?filter=author.id:A5075306992,10.0,89.0,DE
daniel bischof,https://openalex.org/A5040856457,Gregory E. Crawford,https://api.openalex.org/works?filter=author.id:A5040856457,90.0,288.0,US
roman senninger,https://openalex.org/A5067897386,Roman Senninger,https://api.openalex.org/works?filter=author.id:A5067897386,12.0,96.0,DK
do won kim,https://openalex.org/A5100321802,Seong‐Jin Kim,https://api.openalex.org/works?filter=author.id:A5100321802,52.0,465.0,KR
bao tran truong,https://openalex.org/A5090414289,Bao Tran Truong,https://api.openalex.org/works?filter=author.id:A5090414289,7.0,18.0,
ozgur can seckin,https://openalex.org/A5056041083,Ozgur Can Seckin,https://api.openalex.org/works?filter=author.id:A5056041083,3.0,10.0,US
saumya bhadani,https://openalex.org/A5089504371,Saumya Bhadani,https://api.openalex.org/works?filter=author.id:A5089504371,5.0,6.0,US
peter steiglechner,https://openalex.org/A5075208096,Peter Steiglechner,https://api.openalex.org/works?filter=author.id:A5075208096,3.0,17.0,DE
paul e. smaldino,https://openalex.org/A5020901777,Paul E. Smaldino,https://api.openalex.org/works?filter=author.id:A5020901777,32.0,202.0,US
agostino merico,https://openalex.org/A5067493080,Agostino Merico,https://api.openalex.org/works?filter=author.id:A5067493080,34.0,93.0,DE
cathy digennaro,https://openalex.org/A5120298484,Cathy DiGennaro,https://api.openalex.org/works?filter=author.id:A5120298484,0.0,1.0,US
vicky chuqiao yang,https://openalex.org/A5049240073,Vicky Chuqiao Yang,https://api.openalex.org/works?filter=author.id:A5049240073,8.0,45.0,JP
antoine vendeville,https://openalex.org/A5015651100,Antoine Vendeville,https://api.openalex.org/works?filter=author.id:A5015651100,4.0,21.0,FR
jimena royo-letelier,https://openalex.org/A5073972555,Jimena Royo-Letelier,https://api.openalex.org/works?filter=author.id:A5073972555,6.0,10.0,
duncan cassells,https://openalex.org/A5014243814,Benjamin Ooghe-Tabanou,https://api.openalex.org/works?filter=author.id:A5014243814,6.0,65.0,FR
jean-philippe cointet,https://openalex.org/A5013145810,Jean‐Philippe Cointet,https://api.openalex.org/works?filter=author.id:A5013145810,20.0,161.0,FR
maxime crépel,https://openalex.org/A5038676026,Maxime Crépel,https://api.openalex.org/works?filter=author.id:A5038676026,22.0,154.0,FR
tim faverjon,https://openalex.org/A5093587867,Duncan Cassells,https://api.openalex.org/works?filter=author.id:A5093587867,1.0,5.0,FR
théophile lenoir,https://openalex.org/A5102167637,Hiroki Yamashita,https://api.openalex.org/works?filter=author.id:A5102167637,20.0,152.0,FR
béatrice mazoyer,https://openalex.org/A5090616863,Guillaume Plique,https://api.openalex.org/works?filter=author.id:A5090616863,5.0,36.0,
benjamin ooghe-tabanou,https://openalex.org/A5072544873,Mathieu Jacomy,https://api.openalex.org/works?filter=author.id:A5072544873,15.0,92.0,
hiroki yamashita,https://openalex.org/A5088043523,Shunichi Yamashita,https://api.openalex.org/works?filter=author.id:A5088043523,79.0,1064.0,JP
amal labbouz,https://openalex.org/A5052432924,Amal Labbouz,https://api.openalex.org/works?filter=author.id:A5052432924,0.0,1.0,DE
david borukhson,https://openalex.org/A5081392022,David Borukhson,https://api.openalex.org/works?filter=author.id:A5081392022,2.0,6.0,
jonas fegert,https://openalex.org/A5001365039,Jonas Fegert,https://api.openalex.org/works?filter=author.id:A5001365039,5.0,35.0,DE
christof weinhardt,https://openalex.org/A5021007726,Christof Weinhardt,https://api.openalex.org/works?filter=author.id:A5021007726,46.0,658.0,DE
cristian jara-figueroa,https://openalex.org/A5038895553,Cristian Jara-Figueroa,https://api.openalex.org/works?filter=author.id:A5038895553,9.0,41.0,
nikolaos nakis,https://openalex.org/A5018195808,Nikolaos Nakis,https://api.openalex.org/works?filter=author.id:A5018195808,3.0,16.0,FR
chrysoula kosma,https://openalex.org/A5013281995,Chrysoula Kosma,https://api.openalex.org/works?filter=author.id:A5013281995,2.0,9.0,FR
giannis nikolentzos,https://openalex.org/A5011742954,Giannis Nikolentzos,https://api.openalex.org/works?filter=author.id:A5011742954,15.0,73.0,
michail chatzianastasis,https://openalex.org/A5057695979,Michalis Vazirgiannis,https://api.openalex.org/works?filter=author.id:A5057695979,46.0,362.0,FR
iakovos evdaimon,https://openalex.org/A5056878670,Iakovos Evdaimon,https://api.openalex.org/works?filter=author.id:A5056878670,2.0,9.0,FR
michalis vazirgiannis,https://openalex.org/A5057695979,Michalis Vazirgiannis,https://api.openalex.org/works?filter=author.id:A5057695979,46.0,362.0,FR
shouji fujimoto,https://openalex.org/A5078049762,Shouji Fujimoto,https://api.openalex.org/works?filter=author.id:A5078049762,10.0,61.0,JP
atushi ishikawa,https://openalex.org/A5001097474,Atushi Ishikawa,https://api.openalex.org/works?filter=author.id:A5001097474,12.0,103.0,
takayuki mizuno,https://openalex.org/A5010318820,Takayuki Mizuno,https://api.openalex.org/works?filter=author.id:A5010318820,31.0,227.0,JP
andrew renninger,https://openalex.org/A5012236452,Andrew Renninger,https://api.openalex.org/works?filter=author.id:A5012236452,3.0,20.0,GB
cesar marin-flores,https://openalex.org/A5118958020,Cesar Marín-Flores,https://api.openalex.org/works?filter=author.id:A5118958020,0.0,1.0,
leo ferres,https://openalex.org/A5029805143,Leo Ferres,https://api.openalex.org/works?filter=author.id:A5029805143,17.0,92.0,CL
henrikki tenkanen,https://openalex.org/A5047335001,Henrikki Tenkanen,https://api.openalex.org/works?filter=author.id:A5047335001,21.0,79.0,
minjin lee,https://openalex.org/A5101976280,Minjin Lee,https://api.openalex.org/works?filter=author.id:A5101976280,9.0,26.0,KR
hyoji choi,https://openalex.org/A5101468041,Hyoji Choi,https://api.openalex.org/works?filter=author.id:A5101468041,11.0,21.0,KR
taesung hwang,https://openalex.org/A5000072903,Taesung Hwang,https://api.openalex.org/works?filter=author.id:A5000072903,8.0,25.0,KR
jeong hwan jeon,https://openalex.org/A5084941645,Youngjung Geum,https://api.openalex.org/works?filter=author.id:A5084941645,28.0,88.0,KR
luca maria aiello,https://openalex.org/A5034406723,Luca Maria Aiello,https://api.openalex.org/works?filter=author.id:A5034406723,36.0,221.0,IT
anastassia vybornova,https://openalex.org/A5077871284,Anastassia Vybornova,https://api.openalex.org/works?filter=author.id:A5077871284,5.0,23.0,DK
sandor juhasz,https://openalex.org/A5013535058,Sándor Juhász,https://api.openalex.org/works?filter=author.id:A5013535058,12.0,90.0,HU
michael szell,https://openalex.org/A5054586972,Michael Szell,https://api.openalex.org/works?filter=author.id:A5054586972,25.0,81.0,IT
eszter bokanyi,https://openalex.org/A5072156055,Eszter Bokányi,https://api.openalex.org/works?filter=author.id:A5072156055,9.0,37.0,NL
louis boucherie,https://openalex.org/A5070569889,Louis Boucherie,https://api.openalex.org/works?filter=author.id:A5070569889,3.0,5.0,DK
benjamin frank maier,https://openalex.org/A5042318907,Benjamin F. Maier,https://api.openalex.org/works?filter=author.id:A5042318907,13.0,51.0,DK
sune lehmann,https://openalex.org/A5015080044,Sune Lehmann,https://api.openalex.org/works?filter=author.id:A5015080044,44.0,207.0,DK
federico delussu,https://openalex.org/A5068009402,Federico Delussu,https://api.openalex.org/works?filter=author.id:A5068009402,4.0,5.0,IT
francisco barreras,https://openalex.org/A5039966234,Francisco Barreras,https://api.openalex.org/works?filter=author.id:A5039966234,4.0,19.0,US
ziyu chen,https://openalex.org/A5100373619,Ziyu Chen,https://api.openalex.org/works?filter=author.id:A5100373619,26.0,184.0,CN
zsófia zádor,https://openalex.org/A5082055744,Zsófia Zádor,https://api.openalex.org/works?filter=author.id:A5082055744,2.0,2.0,GB
balázs lengyel,https://openalex.org/A5005839111,Balázs Lengyel,https://api.openalex.org/works?filter=author.id:A5005839111,22.0,173.0,HU
riccardo di clemente,https://openalex.org/A5091533231,Riccardo Di Clemente,https://api.openalex.org/works?filter=author.id:A5091533231,12.0,53.0,IT
joshua rosen,https://openalex.org/A5055877209,Joshua E. Rosen,https://api.openalex.org/works?filter=author.id:A5055877209,19.0,53.0,US
brennan klein,https://openalex.org/A5034550396,Brennan Klein,https://api.openalex.org/works?filter=author.id:A5034550396,16.0,70.0,US
erik weis,https://openalex.org/A5037695522,Erik Weis,https://api.openalex.org/works?filter=author.id:A5037695522,11.0,55.0,
hamish gibbs,https://openalex.org/A5074268181,Hamish Gibbs,https://api.openalex.org/works?filter=author.id:A5074268181,31.0,74.0,GB
daniel o’brien,https://openalex.org/A5082725102,John C. Cheville,https://api.openalex.org/works?filter=author.id:A5082725102,119.0,948.0,US
takahiro yabe,https://openalex.org/A5075756309,Takahiro Yabe,https://api.openalex.org/works?filter=author.id:A5075756309,21.0,93.0,US
esteban moro,https://openalex.org/A5088539840,Esteban Moro,https://api.openalex.org/works?filter=author.id:A5088539840,38.0,179.0,US
silvia de sojo,https://openalex.org/A5119991515,Silvia de Sojo,https://api.openalex.org/works?filter=author.id:A5119991515,0.0,2.0,
donghak lee,https://openalex.org/A5031842660,Donghak Lee,https://api.openalex.org/works?filter=author.id:A5031842660,5.0,7.0,KR
jiayi weng,https://openalex.org/A5101438520,Xiaoli Zhu,https://api.openalex.org/works?filter=author.id:A5101438520,16.0,117.0,CN
vaidehi raipat,https://openalex.org/A5032184603,Vaidehi Raipat,https://api.openalex.org/works?filter=author.id:A5032184603,1.0,5.0,
timur naushirvanov,https://openalex.org/A5079790816,Timur Naushirvanov,https://api.openalex.org/works?filter=author.id:A5079790816,2.0,6.0,AT
erick elejalde,https://openalex.org/A5091661935,Erick Elejalde,https://api.openalex.org/works?filter=author.id:A5091661935,9.0,28.0,
kyriaki kalimeri,https://openalex.org/A5039448366,Kyriaki Kalimeri,https://api.openalex.org/works?filter=author.id:A5039448366,20.0,97.0,IT
elisa omodei,https://openalex.org/A5002901620,Elisa Omodei,https://api.openalex.org/works?filter=author.id:A5002901620,10.0,59.0,AT
marton karsai,https://openalex.org/A5079596102,Márton Karsai,https://api.openalex.org/works?filter=author.id:A5079596102,30.0,207.0,HU
ciro beneduce,https://openalex.org/A5099035918,Ciro Beneduce,https://api.openalex.org/works?filter=author.id:A5099035918,1.0,5.0,IT
massimiliano luca,https://openalex.org/A5034468528,Massimiliano Di Luca,https://api.openalex.org/works?filter=author.id:A5034468528,28.0,167.0,GB
bruno lepri,https://openalex.org/A5048877432,Bruno Lepri,https://api.openalex.org/works?filter=author.id:A5048877432,46.0,353.0,IT
hokyun kim,https://openalex.org/A5100638464,Bokyung Kim,https://api.openalex.org/works?filter=author.id:A5100638464,28.0,102.0,US
bogang jun,https://openalex.org/A5007458424,Bogang Jun,https://api.openalex.org/works?filter=author.id:A5007458424,10.0,46.0,KR
jaehyuk park,https://openalex.org/A5103005408,Jae-Hyuk Park,https://api.openalex.org/works?filter=author.id:A5103005408,28.0,121.0,GB
chiara zappalà,https://openalex.org/A5054943286,Paola Battilani,https://api.openalex.org/works?filter=author.id:A5054943286,52.0,307.0,IT
luca gallo,https://openalex.org/A5025764181,Luca Gallo,https://api.openalex.org/works?filter=author.id:A5025764181,13.0,56.0,HU
jan bachmann,https://openalex.org/A5110209372,Stephan Bachmann,https://api.openalex.org/works?filter=author.id:A5110209372,28.0,109.0,CH
federico battiston,https://openalex.org/A5088448789,Federico Battiston,https://api.openalex.org/works?filter=author.id:A5088448789,29.0,129.0,
diego fregolent mendes de oliveira,https://openalex.org/A5124304715,Diego Fregolent Mendes de Oliveira,https://api.openalex.org/works?filter=author.id:A5124304715,0.0,2.0,US
qian huang,https://openalex.org/A5060120779,Qian Huang,https://api.openalex.org/works?filter=author.id:A5060120779,50.0,190.0,US
xi hong,https://openalex.org/A5006932859,Xihong Lu,https://api.openalex.org/works?filter=author.id:A5006932859,119.0,497.0,CN
xiang zheng,https://openalex.org/A5084195072,Zheng Xiang,https://api.openalex.org/works?filter=author.id:A5084195072,44.0,210.0,CN
chaoqun ni,https://openalex.org/A5022747234,Chaoqun Ni,https://api.openalex.org/works?filter=author.id:A5022747234,19.0,86.0,CN
sandro ferreira sousa,https://openalex.org/A5080530108,Sandro Sousa,https://api.openalex.org/works?filter=author.id:A5080530108,5.0,23.0,
roberta sinatra,https://openalex.org/A5056242621,Roberta Sinatra,https://api.openalex.org/works?filter=author.id:A5056242621,30.0,84.0,DK
zhilong chen,https://openalex.org/A5110843713,Chunliang Lei,https://api.openalex.org/works?filter=author.id:A5110843713,21.0,60.0,CN
maria sahakyan,https://openalex.org/A5039190362,N. Sahakyan,https://api.openalex.org/works?filter=author.id:A5039190362,29.0,231.0,AM
zack zimbalist,https://openalex.org/A5065953496,Zack Zimbalist,https://api.openalex.org/works?filter=author.id:A5065953496,6.0,14.0,AT
anli peng,https://openalex.org/A5085824347,Peng Zhou,https://api.openalex.org/works?filter=author.id:A5085824347,7.0,36.0,CN
jacob aarup dalsgaard,https://openalex.org/A5064988559,Rebekah Baglini,https://api.openalex.org/works?filter=author.id:A5064988559,7.0,40.0,DK
jin ai,https://openalex.org/A5100675358,Ai‐Jun Wang,https://api.openalex.org/works?filter=author.id:A5100675358,81.0,724.0,US
filipi nascimento silva,https://openalex.org/A5025683130,Filipi N. Silva,https://api.openalex.org/works?filter=author.id:A5025683130,17.0,90.0,US
charlotte ren,https://openalex.org/A5030206116,Charlotte Ren,https://api.openalex.org/works?filter=author.id:A5030206116,8.0,33.0,US
calvin isch,https://openalex.org/A5045607021,Calvin Isch,https://api.openalex.org/works?filter=author.id:A5045607021,5.0,23.0,US
neil fasching,https://openalex.org/A5062168541,Neil Fasching,https://api.openalex.org/works?filter=author.id:A5062168541,5.0,11.0,
binglu wang,https://openalex.org/A5043220498,Binglu Wang,https://api.openalex.org/works?filter=author.id:A5043220498,20.0,100.0,CN
weixin liang,https://openalex.org/A5101011426,Weixin Liang,https://api.openalex.org/works?filter=author.id:A5101011426,12.0,30.0,CN
jiahui xue,https://openalex.org/A5010431622,Jianxin Xue,https://api.openalex.org/works?filter=author.id:A5010431622,35.0,226.0,CN
yuhui zhang,https://openalex.org/A5100624915,Yuhui Zhang,https://api.openalex.org/works?filter=author.id:A5100624915,52.0,553.0,HK
hancheng cao,https://openalex.org/A5023364449,Hancheng Cao,https://api.openalex.org/works?filter=author.id:A5023364449,18.0,60.0,CN
dashun wang,https://openalex.org/A5002041772,Dashun Wang,https://api.openalex.org/works?filter=author.id:A5002041772,35.0,162.0,US
denitsa saynova,https://openalex.org/A5066295934,Denitsa Saynova,https://api.openalex.org/works?filter=author.id:A5066295934,2.0,9.0,
kajsa hansson,https://openalex.org/A5000581052,Kajsa Hansson,https://api.openalex.org/works?filter=author.id:A5000581052,2.0,12.0,SE
bastiaan bruinsma,https://openalex.org/A5101490440,Bastiaan Bruinsma,https://api.openalex.org/works?filter=author.id:A5101490440,8.0,25.0,US
annika fredén,https://openalex.org/A5091010256,Nils Gustafsson,https://api.openalex.org/works?filter=author.id:A5091010256,28.0,176.0,SE
moa johansson,https://openalex.org/A5060248370,Moa Johansson,https://api.openalex.org/works?filter=author.id:A5060248370,15.0,111.0,SE
lluis danus,https://openalex.org/A5002382294,Lluís Danús,https://api.openalex.org/works?filter=author.id:A5002382294,3.0,5.0,ES
guy grossman,https://openalex.org/A5076536404,Guy Grossman,https://api.openalex.org/works?filter=author.id:A5076536404,32.0,201.0,
sandra gonzalez-bailon,https://openalex.org/A5064437896,Sandra González‐Bailón,https://api.openalex.org/works?filter=author.id:A5064437896,31.0,116.0,US
ian van buskirk,https://openalex.org/A5017420997,Ian Van Buskirk,https://api.openalex.org/works?filter=author.id:A5017420997,2.0,4.0,US
ekaterina landgren,https://openalex.org/A5015866712,Ekaterina Landgren,https://api.openalex.org/works?filter=author.id:A5015866712,1.0,10.0,US
marilena hohmann,https://openalex.org/A5012745533,Marilena Hohmann,https://api.openalex.org/works?filter=author.id:A5012745533,1.0,3.0,DK
johan ugander,https://openalex.org/A5072263832,Johan Ugander,https://api.openalex.org/works?filter=author.id:A5072263832,22.0,92.0,US
daniel larremore,https://openalex.org/A5027079032,Daniel B. Larremore,https://api.openalex.org/works?filter=author.id:A5027079032,33.0,124.0,US
aaron clauset,https://openalex.org/A5014647140,Aaron Clauset,https://api.openalex.org/works?filter=author.id:A5014647140,47.0,267.0,US
ziqing yan,https://openalex.org/A5007130586,Zihan Yan,https://api.openalex.org/works?filter=author.id:A5007130586,24.0,188.0,US
ruiyao liu,https://openalex.org/A5042045761,Ruiyao Liu,https://api.openalex.org/works?filter=author.id:A5042045761,11.0,38.0,CN
jar-der luo,https://openalex.org/A5071165327,Jar‐Der Luo,https://api.openalex.org/works?filter=author.id:A5071165327,16.0,59.0,CN
xiaoming fu,https://openalex.org/A5060631280,Xiaoming Fu,https://api.openalex.org/works?filter=author.id:A5060631280,38.0,119.0,CN
maximilian noichl,https://openalex.org/A5033220137,Maximilian Noichl,https://api.openalex.org/works?filter=author.id:A5033220137,2.0,6.0,NL
samuli reijula,https://openalex.org/A5043181761,Jaakko Kuorikoski,https://api.openalex.org/works?filter=author.id:A5043181761,19.0,75.0,FI
zeyuan chen,https://openalex.org/A5101631516,Zeyuan Chen,https://api.openalex.org/works?filter=author.id:A5101631516,16.0,75.0,CN
ching jin,https://openalex.org/A5019686478,Po‐Ren Hsueh,https://api.openalex.org/works?filter=author.id:A5019686478,106.0,1280.0,TW
yifang ma,https://openalex.org/A5087257186,Yifang Ma,https://api.openalex.org/works?filter=author.id:A5087257186,17.0,95.0,CN
anthony olejniczak,https://openalex.org/A5070489486,Anthony J. Olejniczak,https://api.openalex.org/works?filter=author.id:A5070489486,32.0,91.0,
wenrui huang,https://openalex.org/A5102800569,Wenrui Huang,https://api.openalex.org/works?filter=author.id:A5102800569,39.0,232.0,CN
lingxin hao,https://openalex.org/A5072392110,Lingxin Hao,https://api.openalex.org/works?filter=author.id:A5072392110,31.0,110.0,US
ricardo cevallos,https://openalex.org/A5054504541,Ricardo R. Cevallos,https://api.openalex.org/works?filter=author.id:A5054504541,8.0,17.0,US
hiu ching hung,https://openalex.org/A5038502391,Kevin Kei Ching Hung,https://api.openalex.org/works?filter=author.id:A5038502391,25.0,141.0,US
thorsten piske,https://openalex.org/A5027925493,Thorsten Piske,https://api.openalex.org/works?filter=author.id:A5027925493,11.0,48.0,
chang liu,https://openalex.org/A5100353357,Chang Liu,https://api.openalex.org/works?filter=author.id:A5100353357,80.0,575.0,CN
paula andrea perez-toro,https://openalex.org/A5090347814,Paula Andrea Pérez-Toro,https://api.openalex.org/works?filter=author.id:A5090347814,11.0,73.0,DE
tomás arias vergara,https://openalex.org/A5015908653,Tomás Arias‐Vergara,https://api.openalex.org/works?filter=author.id:A5015908653,17.0,106.0,DE
andreas maier,https://openalex.org/A5101619735,Andreas Maier,https://api.openalex.org/works?filter=author.id:A5101619735,53.0,1697.0,DE
julius koschnick,https://openalex.org/A5032969111,Julius Koschnick,https://api.openalex.org/works?filter=author.id:A5032969111,2.0,2.0,DK
xinlan emily hu,https://openalex.org/A5064296464,Xiaoqing Hu,https://api.openalex.org/works?filter=author.id:A5064296464,27.0,142.0,CN
abdullah almaatouq,https://openalex.org/A5064296964,Abdullah Almaatouq,https://api.openalex.org/works?filter=author.id:A5064296964,17.0,101.0,
akira matsui,https://openalex.org/A5082554858,Akira Matsui,https://api.openalex.org/works?filter=author.id:A5082554858,55.0,642.0,JP
fujio toriumi,https://openalex.org/A5040217228,Fujio Toriumi,https://api.openalex.org/works?filter=author.id:A5040217228,18.0,242.0,JP
mitsuo yoshida,https://openalex.org/A5063652311,Mitsuo Yoshida,https://api.openalex.org/works?filter=author.id:A5063652311,29.0,384.0,JP
taichi murayama,https://openalex.org/A5110823458,Taichi Murayama,https://api.openalex.org/works?filter=author.id:A5110823458,9.0,19.0,
shiori hironaka,https://openalex.org/A5083918574,Shiori Hironaka,https://api.openalex.org/works?filter=author.id:A5083918574,4.0,23.0,
mariana macedo,https://openalex.org/A5091775042,Mariana Petaccia de Macêdo,https://api.openalex.org/works?filter=author.id:A5091775042,21.0,143.0,BR
melanie oyarzun,https://openalex.org/A5073082116,Melanie Oyarzún,https://api.openalex.org/works?filter=author.id:A5073082116,3.0,4.0,CL
cesar a hidalgo,https://openalex.org/A5064297795,César A. Hidalgo,https://api.openalex.org/works?filter=author.id:A5064297795,52.0,248.0,HU
felicia loecherbach,https://openalex.org/A5014175416,Felicia Löecherbach,https://api.openalex.org/works?filter=author.id:A5014175416,8.0,22.0,NL
farhan samir,https://openalex.org/A5086887575,Farhan Samir,https://api.openalex.org/works?filter=author.id:A5086887575,4.0,22.0,CA
chan young park,https://openalex.org/A5100608518,Chan Young Park,https://api.openalex.org/works?filter=author.id:A5100608518,37.0,112.0,KR
anjalie field,https://openalex.org/A5022479813,Anjalie Field,https://api.openalex.org/works?filter=author.id:A5022479813,29.0,131.0,US
zining wang,https://openalex.org/A5100696151,Zining Wang,https://api.openalex.org/works?filter=author.id:A5100696151,23.0,75.0,CN
vered shwartz,https://openalex.org/A5004412943,Mike Lewis,https://api.openalex.org/works?filter=author.id:A5004412943,41.0,109.0,
yulia tsvetkov,https://openalex.org/A5062910836,Yulia Tsvetkov,https://api.openalex.org/works?filter=author.id:A5062910836,35.0,276.0,US
haohan shi,https://openalex.org/A5080203388,Hongrong Shi,https://api.openalex.org/works?filter=author.id:A5080203388,18.0,86.0,CN
yulin yu,https://openalex.org/A5043862313,Yulin Deng,https://api.openalex.org/works?filter=author.id:A5043862313,76.0,338.0,CN
daniel romero,https://openalex.org/A5064158757,Daniel M. Romero,https://api.openalex.org/works?filter=author.id:A5064158757,26.0,111.0,US
jisung yoon,https://openalex.org/A5091604689,Ji Sung Yoon,https://api.openalex.org/works?filter=author.id:A5091604689,22.0,117.0,
chris kempes,https://openalex.org/A5028862879,Christopher P. Kempes,https://api.openalex.org/works?filter=author.id:A5028862879,25.0,140.0,US
seoul lee,https://openalex.org/A5066476974,Seoul Lee,https://api.openalex.org/works?filter=author.id:A5066476974,21.0,116.0,
hyejin youn,https://openalex.org/A5025745021,Hyejin Youn,https://api.openalex.org/works?filter=author.id:A5025745021,15.0,57.0,US
juseong kim,https://openalex.org/A5089801384,Ju Seong Kim,https://api.openalex.org/works?filter=author.id:A5089801384,22.0,43.0,KR
cook hyun kim,https://openalex.org/A5043526367,Cook Hyun Kim,https://api.openalex.org/works?filter=author.id:A5043526367,2.0,11.0,GB
jong-min park,https://openalex.org/A5088031513,Jong‐San Chang,https://api.openalex.org/works?filter=author.id:A5088031513,74.0,362.0,CN
heetae kim,https://openalex.org/A5022698469,Heetae Kim,https://api.openalex.org/works?filter=author.id:A5022698469,22.0,126.0,KR
andrea civilini,https://openalex.org/A5031499875,Andrea Civilini,https://api.openalex.org/works?filter=author.id:A5031499875,4.0,14.0,
onkar sadekar,https://openalex.org/A5030437828,Onkar Sadekar,https://api.openalex.org/works?filter=author.id:A5030437828,6.0,14.0,AT
jesus gomez-gardeñes,https://openalex.org/A5084972098,Jesús Gómez‐Gardeñes,https://api.openalex.org/works?filter=author.id:A5084972098,53.0,207.0,
vito latora,https://openalex.org/A5027706684,Vito Latora,https://api.openalex.org/works?filter=author.id:A5027706684,82.0,381.0,
paul schuler,https://openalex.org/A5072853267,Paul Schuler,https://api.openalex.org/works?filter=author.id:A5072853267,15.0,68.0,US
srebrenka letina,https://openalex.org/A5011970474,Srebrenka Letina,https://api.openalex.org/works?filter=author.id:A5011970474,9.0,62.0,IE
károly takács,https://openalex.org/A5015566794,Károly Takács,https://api.openalex.org/works?filter=author.id:A5015566794,21.0,109.0,SE
luca lazzaro,https://openalex.org/A5026459892,Luca Di Lazzaro,https://api.openalex.org/works?filter=author.id:A5026459892,12.0,22.0,IT
mingmin feng,https://openalex.org/A5032616680,Mingmin Feng,https://api.openalex.org/works?filter=author.id:A5032616680,1.0,2.0,US
norina anna furrer,https://openalex.org/A5080488841,Norina Anna Furrer,https://api.openalex.org/works?filter=author.id:A5080488841,1.0,3.0,
manon delvaux,https://openalex.org/A5117102208,Manon Delvaux,https://api.openalex.org/works?filter=author.id:A5117102208,0.0,2.0,
federico cammelli,https://openalex.org/A5061152966,Federico Cammelli,https://api.openalex.org/works?filter=author.id:A5061152966,11.0,28.0,CH
manuel s. mariani,https://openalex.org/A5001360941,Manuel Sebastian Mariani,https://api.openalex.org/works?filter=author.id:A5001360941,14.0,65.0,CH
rene algesheimer,https://openalex.org/A5047024225,René Algesheimer,https://api.openalex.org/works?filter=author.id:A5047024225,22.0,104.0,CH
radu tanase,https://openalex.org/A5108328977,M. Tanase,https://api.openalex.org/works?filter=author.id:A5108328977,3.0,5.0,RO
masaki chujyo,https://openalex.org/A5091548378,Masaki Chujyo,https://api.openalex.org/works?filter=author.id:A5091548378,3.0,12.0,JP
moritz laber,https://openalex.org/A5069952976,Moritz Laber,https://api.openalex.org/works?filter=author.id:A5069952976,1.0,4.0,US
alec kirkley,https://openalex.org/A5058731900,Alec Kirkley,https://api.openalex.org/works?filter=author.id:A5058731900,10.0,59.0,
gergo toth,https://openalex.org/A5063493127,Gergő Tóth,https://api.openalex.org/works?filter=author.id:A5063493127,22.0,143.0,HU
georgios panayiotou,https://openalex.org/A5078725923,George Panayiotou,https://api.openalex.org/works?filter=author.id:A5078725923,14.0,31.0,CY
inga k. wohlert,https://openalex.org/A5116842578,Inga K. Wohlert,https://api.openalex.org/works?filter=author.id:A5116842578,0.0,3.0,SE
miia bask,https://openalex.org/A5070916458,Miia Bask,https://api.openalex.org/works?filter=author.id:A5070916458,10.0,44.0,SE
mikael bask,https://openalex.org/A5091517270,Mikael Bask,https://api.openalex.org/works?filter=author.id:A5091517270,19.0,87.0,SE
ilkka henrik mäkinen,https://openalex.org/A5043880276,Ilkka Mäkinen,https://api.openalex.org/works?filter=author.id:A5043880276,18.0,161.0,SE
rené algesheimer,https://openalex.org/A5047024225,René Algesheimer,https://api.openalex.org/works?filter=author.id:A5047024225,22.0,104.0,CH
elis carlberg larsson,https://openalex.org/A5056708768,Elis Carlberg Larsson,https://api.openalex.org/works?filter=author.id:A5056708768,1.0,6.0,SE
amir ghasemian,https://openalex.org/A5030987696,Amir Ghasemian,https://api.openalex.org/works?filter=author.id:A5030987696,10.0,26.0,IR
nicholas a. christakis,https://openalex.org/A5010495671,Nicholas A. Christakis,https://api.openalex.org/works?filter=author.id:A5010495671,98.0,407.0,US
douglas richard guilbeault,https://openalex.org/A5036032919,Douglas Guilbeault,https://api.openalex.org/works?filter=author.id:A5036032919,12.0,57.0,US
hirokazu shirado,https://openalex.org/A5002455634,Hirokazu Shirado,https://api.openalex.org/works?filter=author.id:A5002455634,13.0,42.0,US
nicholas d. anderson,https://openalex.org/A5059396155,Hamilton Bennett,https://api.openalex.org/works?filter=author.id:A5059396155,23.0,30.0,US
izabel pirimai aguiar,https://openalex.org/A5050820065,Izabel Pirimai Aguiar,https://api.openalex.org/works?filter=author.id:A5050820065,1.0,1.0,
philip s. chodrow,https://openalex.org/A5043926040,Philip S. Chodrow,https://api.openalex.org/works?filter=author.id:A5043926040,7.0,28.0,US
ole hexel,https://openalex.org/A5044895611,Ole Hexel,https://api.openalex.org/works?filter=author.id:A5044895611,2.0,6.0,
yann renisio,https://openalex.org/A5078658990,Yann Renisio,https://api.openalex.org/works?filter=author.id:A5078658990,4.0,30.0,FR
tobias dalberg,https://openalex.org/A5070635389,Tobias Dalberg,https://api.openalex.org/works?filter=author.id:A5070635389,5.0,28.0,SE
rense corten,https://openalex.org/A5037146201,Rense Corten,https://api.openalex.org/works?filter=author.id:A5037146201,21.0,101.0,NL
laura boeschoten,https://openalex.org/A5021589283,Laura Boeschoten,https://api.openalex.org/works?filter=author.id:A5021589283,11.0,46.0,NL
thijs carrière,https://openalex.org/A5093064100,Thijs Cornelis Carrière,https://api.openalex.org/works?filter=author.id:A5093064100,3.0,8.0,NL
stein jongerius,https://openalex.org/A5114445219,Stein Jongerius,https://api.openalex.org/works?filter=author.id:A5114445219,1.0,10.0,
bella struminskaya,https://openalex.org/A5059953820,Bella Struminskaya,https://api.openalex.org/works?filter=author.id:A5059953820,14.0,72.0,
joris mulder,https://openalex.org/A5025801659,Joris Mulder,https://api.openalex.org/works?filter=author.id:A5025801659,31.0,159.0,NL
parisa zahedi,https://openalex.org/A5058508760,Parisa Zahedi,https://api.openalex.org/works?filter=author.id:A5058508760,3.0,5.0,NL
shiva nadi najafabadi,https://openalex.org/A5114445221,Shiva Nadi Najafabadi,https://api.openalex.org/works?filter=author.id:A5114445221,1.0,3.0,NL
adriënne mendrik,https://openalex.org/A5015319043,Adriënne M. Mendrik,https://api.openalex.org/works?filter=author.id:A5015319043,14.0,43.0,NL
robert west,https://openalex.org/A5059645286,Robert West,https://api.openalex.org/works?filter=author.id:A5059645286,132.0,2617.0,GB
luca rossi,https://openalex.org/A5016589479,Luca Rossi,https://api.openalex.org/works?filter=author.id:A5016589479,29.0,238.0,IT
subhayan mukerjee,https://openalex.org/A5067134501,Subhayan Mukerjee,https://api.openalex.org/works?filter=author.id:A5067134501,9.0,34.0,SG
rasika muralidharan,https://openalex.org/A5055063198,R. Muralidharan,https://api.openalex.org/works?filter=author.id:A5055063198,7.0,26.0,US
alexandre bovet,https://openalex.org/A5018986925,Alexandre Bovet,https://api.openalex.org/works?filter=author.id:A5018986925,15.0,84.0,
jacopo lenti,https://openalex.org/A5022790022,Jacopo Lenti,https://api.openalex.org/works?filter=author.id:A5022790022,4.0,22.0,IT
upasana dutta,https://openalex.org/A5065218859,Upasana Dutta,https://api.openalex.org/works?filter=author.id:A5065218859,5.0,12.0,IN
yasmine houri,https://openalex.org/A5073874233,Yasmine Houri,https://api.openalex.org/works?filter=author.id:A5073874233,1.0,1.0,FR
bojan evkoski,https://openalex.org/A5038050687,Bojan Evkoski,https://api.openalex.org/works?filter=author.id:A5038050687,3.0,17.0,AT
petra kralj novak,https://openalex.org/A5072261415,Petra Kralj Novak,https://api.openalex.org/works?filter=author.id:A5072261415,20.0,96.0,AT
zoltan kmetty,https://openalex.org/A5015694492,Zoltán Kmetty,https://api.openalex.org/works?filter=author.id:A5015694492,12.0,95.0,HU
adam stefkovics,https://openalex.org/A5074354806,Ádám Stefkovics,https://api.openalex.org/works?filter=author.id:A5074354806,7.0,46.0,US
gabriele di bona,https://openalex.org/A5065919650,Paola Tubaro,https://api.openalex.org/works?filter=author.id:A5065919650,22.0,226.0,FR
emma fraxanet,https://openalex.org/A5092474581,Emma Fraxanet,https://api.openalex.org/works?filter=author.id:A5092474581,1.0,6.0,ES
björn komander,https://openalex.org/A5099860123,Björn Komander,https://api.openalex.org/works?filter=author.id:A5099860123,1.0,1.0,
andrea lo sasso,https://openalex.org/A5102699008,Andrea Lo Sasso,https://api.openalex.org/works?filter=author.id:A5102699008,1.0,1.0,
virginia morini,https://openalex.org/A5084991203,Virginia Morini,https://api.openalex.org/works?filter=author.id:A5084991203,5.0,32.0,IT
max falkenberg,https://openalex.org/A5085884601,Max Falkenberg,https://api.openalex.org/works?filter=author.id:A5085884601,7.0,41.0,GB
alessandro galeazzi,https://openalex.org/A5047301239,Alessandro Galeazzi,https://api.openalex.org/works?filter=author.id:A5047301239,13.0,52.0,IT
szymon talaga,https://openalex.org/A5031702282,Szymon Talaga,https://api.openalex.org/works?filter=author.id:A5031702282,6.0,24.0,PL
magdalena wojcieszak,https://openalex.org/A5044652655,Magdalena Wojcieszak,https://api.openalex.org/works?filter=author.id:A5044652655,39.0,177.0,PL
dominik batorski,https://openalex.org/A5050286782,Dominik Batorski,https://api.openalex.org/works?filter=author.id:A5050286782,13.0,63.0,PL
mohsen mosleh,https://openalex.org/A5052536455,Mohsen Mosleh,https://api.openalex.org/works?filter=author.id:A5052536455,26.0,125.0,US
jennifer allen,https://openalex.org/A5027729234,Jennifer D. Allen,https://api.openalex.org/works?filter=author.id:A5027729234,47.0,154.0,US
david rand,https://openalex.org/A5056499434,David G. Rand,https://api.openalex.org/works?filter=author.id:A5056499434,97.0,566.0,US
hongkai mao,https://openalex.org/A5108276415,H. K. Mao,https://api.openalex.org/works?filter=author.id:A5108276415,7.0,61.0,CN
joshua conrad jackson,https://openalex.org/A5033771984,Joshua Conrad Jackson,https://api.openalex.org/works?filter=author.id:A5033771984,31.0,142.0,US
yutong jiang,https://openalex.org/A5019943830,Yutong Jiang,https://api.openalex.org/works?filter=author.id:A5019943830,24.0,162.0,CN
alex koch,https://openalex.org/A5007830440,Alex Koch,https://api.openalex.org/works?filter=author.id:A5007830440,24.0,79.0,
yuan chang leong,https://openalex.org/A5090526778,Yuan Chang Leong,https://api.openalex.org/works?filter=author.id:A5090526778,15.0,59.0,US
william j brady,https://openalex.org/A5052195406,William J. Brady,https://api.openalex.org/works?filter=author.id:A5052195406,32.0,231.0,
katherine van koevering,https://openalex.org/A5017708876,Katherine Van Koevering,https://api.openalex.org/works?filter=author.id:A5017708876,2.0,9.0,
shambhobi bhattacharya,https://openalex.org/A5113373189,Shambhobi Bhattacharya,https://api.openalex.org/works?filter=author.id:A5113373189,0.0,1.0,
jon kleinberg,https://openalex.org/A5055710645,Jon Kleinberg,https://api.openalex.org/works?filter=author.id:A5055710645,115.0,563.0,US
matt debutts,https://openalex.org/A5092113818,Matt DeButts,https://api.openalex.org/works?filter=author.id:A5092113818,2.0,3.0,US
burak ozturan,https://openalex.org/A5029971817,Korhan Özkan,https://api.openalex.org/works?filter=author.id:A5029971817,19.0,175.0,TR
david lazer,https://openalex.org/A5013670125,David Lazer,https://api.openalex.org/works?filter=author.id:A5013670125,62.0,513.0,US
nir grinberg,https://openalex.org/A5079648413,Nir Grinberg,https://api.openalex.org/works?filter=author.id:A5079648413,9.0,31.0,IL
alexi quintana mathé,https://openalex.org/A5089842725,Alexi Quintana,https://api.openalex.org/works?filter=author.id:A5089842725,13.0,133.0,US
chiara drolsbach,https://openalex.org/A5058128327,Chiara Drolsbach,https://api.openalex.org/works?filter=author.id:A5058128327,5.0,11.0,
nicolas pröllochs,https://openalex.org/A5048633988,Nicolas Pröllochs,https://api.openalex.org/works?filter=author.id:A5048633988,22.0,102.0,
patrick gildersleve,https://openalex.org/A5070221432,Patrick Gildersleve,https://api.openalex.org/works?filter=author.id:A5070221432,5.0,15.0,
anna beers,https://openalex.org/A5003185083,Andrew Beers,https://api.openalex.org/works?filter=author.id:A5003185083,22.0,80.0,US
viviane ito,https://openalex.org/A5031948957,Viviane Eiko Ito Yamasaki,https://api.openalex.org/works?filter=author.id:A5031948957,2.0,9.0,
agustin orozco,https://openalex.org/A5006771869,José Agustín Orozco-Castillo,https://api.openalex.org/works?filter=author.id:A5006771869,2.0,2.0,MX
francesca bolla tripodi,https://openalex.org/A5005439864,Francesca Bolla Tripodi,https://api.openalex.org/works?filter=author.id:A5005439864,7.0,52.0,US
anastasia golovin,https://openalex.org/A5040873440,Anastasia Golovin,https://api.openalex.org/works?filter=author.id:A5040873440,5.0,18.0,DE
erica cai,https://openalex.org/A5084862136,Erica P. Cai,https://api.openalex.org/works?filter=author.id:A5084862136,16.0,40.0,US
xi chen,https://openalex.org/A5100329996,Xi Chen,https://api.openalex.org/works?filter=author.id:A5100329996,114.0,2257.0,CN
reagan grey keeney,https://openalex.org/A5117865417,Reagan Grey Keeney,https://api.openalex.org/works?filter=author.id:A5117865417,0.0,2.0,US
brendan o'connor,https://openalex.org/A5074307166,Brendan O’Connor,https://api.openalex.org/works?filter=author.id:A5074307166,37.0,138.0,
ethan zuckerman,https://openalex.org/A5049679668,Ethan Zuckerman,https://api.openalex.org/works?filter=author.id:A5049679668,23.0,96.0,US
przemyslaw a. grabowicz,https://openalex.org/A5063837575,Przemyslaw A. Grabowicz,https://api.openalex.org/works?filter=author.id:A5063837575,14.0,57.0,IE
seungwoong ha,https://openalex.org/A5036160733,Sejin Ha,https://api.openalex.org/works?filter=author.id:A5036160733,29.0,117.0,US
henrik olsson,https://openalex.org/A5016057473,Henrik Olsson,https://api.openalex.org/works?filter=author.id:A5016057473,36.0,208.0,SE
vicenç gomez,https://openalex.org/A5053716315,Vicenç Gómez,https://api.openalex.org/works?filter=author.id:A5053716315,21.0,118.0,ES
andreas kaltenbrunner,https://openalex.org/A5053529497,Andreas Kaltenbrunner,https://api.openalex.org/works?filter=author.id:A5053529497,27.0,134.0,ES
max pellert,https://openalex.org/A5019136836,Max Pellert,https://api.openalex.org/works?filter=author.id:A5019136836,11.0,27.0,ES
emma bonutti d'agostini,https://openalex.org/A5119050137,Emma Bonutti d'Agostini,https://api.openalex.org/works?filter=author.id:A5119050137,1.0,1.0,FR
etienne ollion,https://openalex.org/A5022704573,Étienne Ollion,https://api.openalex.org/works?filter=author.id:A5022704573,17.0,131.0,
miriam hurtado bodell,https://openalex.org/A5057262624,Miriam Hurtado Bodell,https://api.openalex.org/works?filter=author.id:A5057262624,3.0,12.0,
måns magnusson,https://openalex.org/A5037231816,Måns Magnusson,https://api.openalex.org/works?filter=author.id:A5037231816,10.0,23.0,SE
lisa oswald,https://openalex.org/A5072281431,Lisa Oswald,https://api.openalex.org/works?filter=author.id:A5072281431,8.0,27.0,DE
william small schulz,https://openalex.org/A5108156362,WILLIAM SCHULZ,https://api.openalex.org/works?filter=author.id:A5108156362,6.0,200.0,US
philipp lorenz-spreen,https://openalex.org/A5026949484,Philipp Lorenz-Spreen,https://api.openalex.org/works?filter=author.id:A5026949484,20.0,82.0,DE
maximilian pickartz,https://openalex.org/A5092994693,Maximilian Pickartz,https://api.openalex.org/works?filter=author.id:A5092994693,0.0,1.0,
christof nägel,https://openalex.org/A5038568388,Christof Nägel,https://api.openalex.org/works?filter=author.id:A5038568388,9.0,29.0,DE
gabriela juncosa,https://openalex.org/A5115087102,Gabriela Juncosa,https://api.openalex.org/works?filter=author.id:A5115087102,0.0,5.0,AT
angel sánchez,https://openalex.org/A5077285926,Ángel Sánchez,https://api.openalex.org/works?filter=author.id:A5077285926,44.0,335.0,ES
julia koltai,https://openalex.org/A5084303908,Júlia Koltai,https://api.openalex.org/works?filter=author.id:A5084303908,13.0,67.0,HU
taha yasseri,https://openalex.org/A5046908604,Taha Yasseri,https://api.openalex.org/works?filter=author.id:A5046908604,27.0,170.0,IE
gerardo iñiguez,https://openalex.org/A5086711289,Gerardo Íñiguez,https://api.openalex.org/works?filter=author.id:A5086711289,14.0,55.0,FI
yixin chen,https://openalex.org/A5100393445,Yixin Chen,https://api.openalex.org/works?filter=author.id:A5100393445,47.0,332.0,CN
maria teleki,https://openalex.org/A5093104412,Maria Teleki,https://api.openalex.org/works?filter=author.id:A5093104412,2.0,11.0,
xiangjue dong,https://openalex.org/A5067022874,Xiangjue Dong,https://api.openalex.org/works?filter=author.id:A5067022874,6.0,34.0,US
haoran liu,https://openalex.org/A5016680184,Lin Gu,https://api.openalex.org/works?filter=author.id:A5016680184,200.0,1817.0,CN
james caverlee,https://openalex.org/A5048489384,James Caverlee,https://api.openalex.org/works?filter=author.id:A5048489384,44.0,285.0,
luigi arminio,https://openalex.org/A5104939473,Luigi Arminio,https://api.openalex.org/works?filter=author.id:A5104939473,2.0,7.0,DK
homa hosseinmardi,https://openalex.org/A5011168888,Homa Hosseinmardi,https://api.openalex.org/works?filter=author.id:A5011168888,13.0,23.0,
peter carragher,https://openalex.org/A5016970390,P. Carragher,https://api.openalex.org/works?filter=author.id:A5016970390,2.0,3.0,IE
kathleen m. carley,https://openalex.org/A5085927300,Kathleen M. Carley,https://api.openalex.org/works?filter=author.id:A5085927300,80.0,881.0,
ziying chen,https://openalex.org/A5085176870,Ziying Chen,https://api.openalex.org/works?filter=author.id:A5085176870,29.0,178.0,CN
íris damião,https://openalex.org/A5075046668,Iris Damião,https://api.openalex.org/works?filter=author.id:A5075046668,1.0,1.0,PT
josé m. reis,https://openalex.org/A5006544879,Maria José Sousa,https://api.openalex.org/works?filter=author.id:A5006544879,29.0,346.0,GB
tiziano piccardi,https://openalex.org/A5071586190,Tiziano Piccardi,https://api.openalex.org/works?filter=author.id:A5071586190,10.0,65.0,US
farnaz jahanbakhsh,https://openalex.org/A5076364930,Farnaz Jahanbakhsh,https://api.openalex.org/works?filter=author.id:A5076364930,9.0,23.0,
michael s. bernstein,https://openalex.org/A5076189854,Michael S. Bernstein,https://api.openalex.org/works?filter=author.id:A5076189854,66.0,281.0,US
pranav goel,https://openalex.org/A5022638781,Pranav Goel,https://api.openalex.org/works?filter=author.id:A5022638781,8.0,37.0,US
kai-cheng yang,https://openalex.org/A5054574752,Kai‐Cheng Yang,https://api.openalex.org/works?filter=author.id:A5054574752,18.0,141.0,CN
frédéric berdoz,https://openalex.org/A5115003228,Frédéric Berdoz,https://api.openalex.org/works?filter=author.id:A5115003228,1.0,7.0,CH
dustin brunner,https://openalex.org/A5021210667,Dominik Brunner,https://api.openalex.org/works?filter=author.id:A5021210667,66.0,581.0,CH
yann vonlanthen,https://openalex.org/A5005205473,Yann Vonlanthen,https://api.openalex.org/works?filter=author.id:A5005205473,3.0,24.0,CH
roger wattenhofer,https://openalex.org/A5078339613,Roger Wattenhofer,https://api.openalex.org/works?filter=author.id:A5078339613,67.0,872.0,CH
jesus cerquides,https://openalex.org/A5014918148,Jesús Cerquides,https://api.openalex.org/works?filter=author.id:A5014918148,24.0,193.0,ES
jeffrey chan,https://openalex.org/A5068206765,Jeffrey Shi Kai Chan,https://api.openalex.org/works?filter=author.id:A5068206765,34.0,223.0,US
azadeh alavi,https://openalex.org/A5078604354,Afsáneh Alavi,https://api.openalex.org/works?filter=author.id:A5078604354,50.0,379.0,US
claire wonjeong jo,https://openalex.org/A5095383449,Claire Wonjeong Jo,https://api.openalex.org/works?filter=author.id:A5095383449,2.0,6.0,
xudong yu,https://openalex.org/A5002324213,Xudong Yu,https://api.openalex.org/works?filter=author.id:A5002324213,27.0,150.0,CN
muhammad haroon,https://openalex.org/A5056169745,Paschalis Steiropoulos,https://api.openalex.org/works?filter=author.id:A5056169745,44.0,402.0,GR
chloe eggleston,https://openalex.org/A5086659454,Chloe Eggleston,https://api.openalex.org/works?filter=author.id:A5086659454,0.0,2.0,US
christo wilson,https://openalex.org/A5072703507,Christo Wilson,https://api.openalex.org/works?filter=author.id:A5072703507,51.0,153.0,US
roberto ulloa,https://openalex.org/A5035734289,Roberto Ulloa,https://api.openalex.org/works?filter=author.id:A5035734289,13.0,85.0,DE
frank mangold,https://openalex.org/A5017437256,Frank Mangold,https://api.openalex.org/works?filter=author.id:A5017437256,9.0,33.0,DE
felix schmidt,https://openalex.org/A5057871177,Felix Schmidt,https://api.openalex.org/works?filter=author.id:A5057871177,31.0,99.0,DE
judith gilsbach,https://openalex.org/A5067566095,J.M. Gilsbach,https://api.openalex.org/works?filter=author.id:A5067566095,1.0,7.0,DE
sebastian stier,https://openalex.org/A5040957572,Sebastian Stier,https://api.openalex.org/works?filter=author.id:A5040957572,27.0,116.0,DE
tabia tanzin prama,https://openalex.org/A5038520407,Tabia Tanzin Prama,https://api.openalex.org/works?filter=author.id:A5038520407,3.0,21.0,US
chhandak bagchi,https://openalex.org/A5072564674,Chhandak Bagchi,https://api.openalex.org/works?filter=author.id:A5072564674,3.0,11.0,US
vishal kalakonnavar,https://openalex.org/A5093047656,Vishal Kalakonnavar,https://api.openalex.org/works?filter=author.id:A5093047656,1.0,2.0,US
paul krauß,https://openalex.org/A5113447436,Paul D. Krauss,https://api.openalex.org/works?filter=author.id:A5113447436,10.0,40.0,
fabrizio germano,https://openalex.org/A5007114681,Fabrizio Germano,https://api.openalex.org/works?filter=author.id:A5007114681,12.0,63.0,ES
kokil jaidka,https://openalex.org/A5079154791,Kokil Jaidka,https://api.openalex.org/works?filter=author.id:A5079154791,25.0,177.0,SG
yphtach lelkes,https://openalex.org/A5037708423,Yphtach Lelkes,https://api.openalex.org/works?filter=author.id:A5037708423,35.0,185.0,
jennifer lundquist,https://openalex.org/A5033369208,Jennifer Hickes Lundquist,https://api.openalex.org/works?filter=author.id:A5033369208,18.0,61.0,US
monideepa tarafdar,https://openalex.org/A5084265580,Monideepa Tarafdar,https://api.openalex.org/works?filter=author.id:A5084265580,48.0,224.0,US
anthony paik,https://openalex.org/A5090765519,Anthony Paik,https://api.openalex.org/works?filter=author.id:A5090765519,21.0,71.0,US
cong lin,https://openalex.org/A5100340910,Min Wang,https://api.openalex.org/works?filter=author.id:A5100340910,74.0,1144.0,CN
yifei chen,https://openalex.org/A5100606726,Yifei Chen,https://api.openalex.org/works?filter=author.id:A5100606726,45.0,305.0,CN
jiangyue chen,https://openalex.org/A5100715016,Zhong Jin,https://api.openalex.org/works?filter=author.id:A5100715016,94.0,632.0,CN
cuihua shen,https://openalex.org/A5043908500,Cuihua Shen,https://api.openalex.org/works?filter=author.id:A5043908500,31.0,94.0,US
swapneel s mehta,https://openalex.org/A5102348256,Swapneel Mehta,https://api.openalex.org/works?filter=author.id:A5102348256,1.0,6.0,
aaron d nichols,https://openalex.org/A5089395967,Aaron Nichols,https://api.openalex.org/works?filter=author.id:A5089395967,3.0,10.0,US
nina. mazar,https://openalex.org/A5040984419,Dan Ariely,https://api.openalex.org/works?filter=author.id:A5040984419,91.0,478.0,US
marshall van alstyne,https://openalex.org/A5086112254,Marshall Van Alstyne,https://api.openalex.org/works?filter=author.id:A5086112254,39.0,162.0,US
anna bertani,https://openalex.org/A5076294545,Lorenzo Bertani,https://api.openalex.org/works?filter=author.id:A5076294545,29.0,193.0,IT
alessandro cortese,https://openalex.org/A5068647614,Alessandro Lozza,https://api.openalex.org/works?filter=author.id:A5068647614,23.0,90.0,BE
federico pilati,https://openalex.org/A5008862185,Federico Pilati,https://api.openalex.org/works?filter=author.id:A5008862185,5.0,24.0,CH
pierluigi sacco,https://openalex.org/A5005219721,Pier Luigi Sacco,https://api.openalex.org/works?filter=author.id:A5005219721,33.0,291.0,IT
riccardo gallotti,https://openalex.org/A5059223686,Riccardo Gallotti,https://api.openalex.org/works?filter=author.id:A5059223686,21.0,88.0,IT
seura ha,https://openalex.org/A5115926396,Seura Ha,https://api.openalex.org/works?filter=author.id:A5115926396,0.0,1.0,
grant schoenebeck,https://openalex.org/A5073672615,Grant Schoenebeck,https://api.openalex.org/works?filter=author.id:A5073672615,19.0,119.0,US
jared r. curhan,https://openalex.org/A5058593348,Jared R. Curhan,https://api.openalex.org/works?filter=author.id:A5058593348,17.0,64.0,US
esra dönmez,https://openalex.org/A5065662308,Esra Dönmez,https://api.openalex.org/works?filter=author.id:A5065662308,5.0,40.0,TR
agnieszka falenska,https://openalex.org/A5039380414,David Vilares,https://api.openalex.org/works?filter=author.id:A5039380414,19.0,111.0,
joshua p. white,https://openalex.org/A5058989081,Joshua P. White,https://api.openalex.org/works?filter=author.id:A5058989081,13.0,46.0,
lucius caviola,https://openalex.org/A5040666037,Lucius Caviola,https://api.openalex.org/works?filter=author.id:A5040666037,22.0,107.0,GB
thomas costello,https://openalex.org/A5055631608,Thomas H. Costello,https://api.openalex.org/works?filter=author.id:A5055631608,20.0,98.0,US
michael yeomans,https://openalex.org/A5057564770,Michael Yeomans,https://api.openalex.org/works?filter=author.id:A5057564770,15.0,56.0,GB
julia minson,https://openalex.org/A5047677855,Julia A. Minson,https://api.openalex.org/works?filter=author.id:A5047677855,21.0,74.0,
hanne collins,https://openalex.org/A5056499434,David G. Rand,https://api.openalex.org/works?filter=author.id:A5056499434,97.0,566.0,US
charles dorison,https://openalex.org/A5054686259,Charles Dorison,https://api.openalex.org/works?filter=author.id:A5054686259,14.0,70.0,US
fan wenlu,https://openalex.org/A5070565287,Wenfei Fan,https://api.openalex.org/works?filter=author.id:A5070565287,58.0,297.0,CN
yuqi zhu,https://openalex.org/A5077722217,Yuqi Chang,https://api.openalex.org/works?filter=author.id:A5077722217,4.0,9.0,
wentao xu,https://openalex.org/A5022647373,Wentao Xu,https://api.openalex.org/works?filter=author.id:A5022647373,47.0,200.0,SG
wanting wang,https://openalex.org/A5084087666,Wanting Wang,https://api.openalex.org/works?filter=author.id:A5084087666,22.0,152.0,CN
haoran shi,https://openalex.org/A5085520492,Caiting Li,https://api.openalex.org/works?filter=author.id:A5085520492,61.0,268.0,CN
jianlong zhu,https://openalex.org/A5079591013,Jian‐Yong Zhu,https://api.openalex.org/works?filter=author.id:A5079591013,22.0,82.0,CN
vikram kamath cannanure,https://openalex.org/A5053796170,Vikram Kamath Cannanure,https://api.openalex.org/works?filter=author.id:A5053796170,8.0,30.0,US
alexander hartland,https://openalex.org/A5010098341,Alexander W. Hartland,https://api.openalex.org/works?filter=author.id:A5010098341,5.0,12.0,GB
giuseppe carteny,https://openalex.org/A5084480163,Giuseppe Carteny,https://api.openalex.org/works?filter=author.id:A5084480163,3.0,27.0,DE
rosa m. navarrete,https://openalex.org/A5010084651,Rosa M. Navarrete,https://api.openalex.org/works?filter=author.id:A5010084651,7.0,21.0,US
daniela braun,https://openalex.org/A5033314506,Daniela A. Braun,https://api.openalex.org/works?filter=author.id:A5033314506,38.0,77.0,DE
ingmar weber,https://openalex.org/A5033656008,Ingmar Weber,https://api.openalex.org/works?filter=author.id:A5033656008,49.0,377.0,
emma harvey,https://openalex.org/A5004497016,Sheila Fisher,https://api.openalex.org/works?filter=author.id:A5004497016,58.0,168.0,US
rene f kizilcec,https://openalex.org/A5071778778,René F. Kizilcec,https://api.openalex.org/works?filter=author.id:A5071778778,35.0,187.0,
burint bevis,https://openalex.org/A5100281412,Burint Bevis,https://api.openalex.org/works?filter=author.id:A5100281412,0.0,2.0,
juliana schroeder,https://openalex.org/A5068331353,Juliana Schroeder,https://api.openalex.org/works?filter=author.id:A5068331353,30.0,132.0,US
astha verma,https://openalex.org/A5101618291,Astha Verma,https://api.openalex.org/works?filter=author.id:A5101618291,11.0,55.0,IN
pratyush yadav,https://openalex.org/A5035232681,Pratyush Yadav,https://api.openalex.org/works?filter=author.id:A5035232681,3.0,5.0,
anku rani,https://openalex.org/A5110627453,Anku Rani,https://api.openalex.org/works?filter=author.id:A5110627453,5.0,21.0,
valdemar danry,https://openalex.org/A5001522776,Valdemar Danry,https://api.openalex.org/works?filter=author.id:A5001522776,9.0,26.0,US
andrew lippman,https://openalex.org/A5113714609,Andrew Lippman,https://api.openalex.org/works?filter=author.id:A5113714609,32.0,148.0,
patricia maes,https://openalex.org/A5081457786,Pattie Maes,https://api.openalex.org/works?filter=author.id:A5081457786,59.0,340.0,US
carlo romano marcello alessandro santagiustina,https://openalex.org/A5072805217,Carlo Romano Marcello Alessandro Santagiustina,https://api.openalex.org/works?filter=author.id:A5072805217,4.0,26.0,IT
hoan huu le,https://openalex.org/A5101790224,Huu Thinh Nguyen,https://api.openalex.org/works?filter=author.id:A5101790224,14.0,81.0,KR
ryosuke harakawa,https://openalex.org/A5023942291,Ryosuke Harakawa,https://api.openalex.org/works?filter=author.id:A5023942291,9.0,73.0,JP
celina kacperski,https://openalex.org/A5049587610,Celina Kacperski,https://api.openalex.org/works?filter=author.id:A5049587610,10.0,64.0,DE
denis bonnay,https://openalex.org/A5058810080,Denis Bonnay,https://api.openalex.org/works?filter=author.id:A5058810080,12.0,72.0,FR
peter selb,https://openalex.org/A5048966126,Peter Selb,https://api.openalex.org/works?filter=author.id:A5048966126,20.0,93.0,DE
chun-ming lai,https://openalex.org/A5080976106,Ming-Chun Lai,https://api.openalex.org/works?filter=author.id:A5080976106,9.0,18.0,CN
anita keshmirian,https://openalex.org/A5002117379,Anita Keshmirian,https://api.openalex.org/works?filter=author.id:A5002117379,3.0,7.0,
razan baltaji,https://openalex.org/A5065168968,Hamza Samouh,https://api.openalex.org/works?filter=author.id:A5065168968,12.0,28.0,US
hadi asghari,https://openalex.org/A5003520539,Hadi Asghari-Moghaddam,https://api.openalex.org/works?filter=author.id:A5003520539,7.0,12.0,US
babak hemmatian,https://openalex.org/A5043382223,Babak Hemmatian,https://api.openalex.org/works?filter=author.id:A5043382223,6.0,32.0,US
faezeh fadaei,https://openalex.org/A5124811732,Faezeh Fadaei,https://api.openalex.org/works?filter=author.id:A5124811732,0.0,4.0,
indira sen,https://openalex.org/A5025695582,Indira Sen,https://api.openalex.org/works?filter=author.id:A5025695582,20.0,54.0,DE
georg ahnert,https://openalex.org/A5022685582,Georg Ahnert,https://api.openalex.org/works?filter=author.id:A5022685582,1.0,8.0,DE
markus strohmaier,https://openalex.org/A5071422618,Markus Strohmaier,https://api.openalex.org/works?filter=author.id:A5071422618,36.0,334.0,DE
jana lasser,https://openalex.org/A5084657226,Peter Klimek,https://api.openalex.org/works?filter=author.id:A5084657226,31.0,228.0,SE
leon klingborg,https://openalex.org/A5059922845,Leon Klingborg,https://api.openalex.org/works?filter=author.id:A5059922845,1.0,2.0,SE
leonard stellbrink,https://openalex.org/A5092430399,Leonard Stellbrink,https://api.openalex.org/works?filter=author.id:A5092430399,1.0,5.0,
maged mortaga,https://openalex.org/A5072882377,Maged Mortaga,https://api.openalex.org/works?filter=author.id:A5072882377,1.0,1.0,DE
hendrik nunner,https://openalex.org/A5090160801,Hendrik Nunner,https://api.openalex.org/works?filter=author.id:A5090160801,6.0,24.0,NL
andré calero valdez,https://openalex.org/A5004787389,André Calero Valdez,https://api.openalex.org/works?filter=author.id:A5004787389,26.0,180.0,DE
laura fürsich,https://openalex.org/A5094065676,Laura Fürsich,https://api.openalex.org/works?filter=author.id:A5094065676,1.0,2.0,SE
bufan gao,https://openalex.org/A5090110425,Bufan Gao,https://api.openalex.org/works?filter=author.id:A5090110425,1.0,9.0,CN
xuechunzi bai,https://openalex.org/A5014394213,Xuechunzi Bai,https://api.openalex.org/works?filter=author.id:A5014394213,13.0,46.0,US
simone santoni,https://openalex.org/A5067296366,Simone Santoni,https://api.openalex.org/works?filter=author.id:A5067296366,6.0,32.0,
matteo devigili,https://openalex.org/A5042273817,Matteo Devigili,https://api.openalex.org/works?filter=author.id:A5042273817,3.0,15.0,
alessandro lomi,https://openalex.org/A5018108132,Alessandro Lomi,https://api.openalex.org/works?filter=author.id:A5018108132,35.0,187.0,CH
ryan e. langendorf,https://openalex.org/A5072646992,Ryan E. Langendorf,https://api.openalex.org/works?filter=author.id:A5072646992,8.0,25.0,US
matthew g. burgess,https://openalex.org/A5076235905,Matthew G. Burgess,https://api.openalex.org/works?filter=author.id:A5076235905,23.0,73.0,
ji ma,https://openalex.org/A5100327261,Qinghua Zhang,https://api.openalex.org/works?filter=author.id:A5100327261,129.0,661.0,CN
chin-wing leung,https://openalex.org/A5038531405,Daniel Lokshtanov,https://api.openalex.org/works?filter=author.id:A5038531405,43.0,513.0,US
gili rusak,https://openalex.org/A5004497268,Gili Rusak,https://api.openalex.org/works?filter=author.id:A5004497268,5.0,13.0,US
benjamin s. manning,https://openalex.org/A5012908746,Benjamin Manning,https://api.openalex.org/works?filter=author.id:A5012908746,6.0,13.0,US
john joseph horton,https://openalex.org/A5077125314,John J. Horton,https://api.openalex.org/works?filter=author.id:A5077125314,26.0,107.0,US
ioana gabriela doleanu,https://openalex.org/A5114970638,Ioana Gabriela Doleanu,https://api.openalex.org/works?filter=author.id:A5114970638,0.0,1.0,
diego giuliani,https://openalex.org/A5057130762,Diego Giuliani,https://api.openalex.org/works?filter=author.id:A5057130762,25.0,186.0,IT
ivano bison,https://openalex.org/A5069671758,Ivano Bison,https://api.openalex.org/works?filter=author.id:A5069671758,12.0,44.0,IT
eunsung yoon,https://openalex.org/A5039304227,Eunsung Yoon,https://api.openalex.org/works?filter=author.id:A5039304227,2.0,4.0,
carl gershenson,https://openalex.org/A5038955179,Carl Gershenson,https://api.openalex.org/works?filter=author.id:A5038955179,9.0,28.0,US
tiago oliveira cunha,https://openalex.org/A5000454719,Tiago Oliveira Cunha,https://api.openalex.org/works?filter=author.id:A5000454719,5.0,16.0,DK
alessandro pluchino,https://openalex.org/A5032482559,Alessandro Pluchino,https://api.openalex.org/works?filter=author.id:A5032482559,32.0,218.0,IT
andrea rapisarda,https://openalex.org/A5059301263,Andrea Rapisarda,https://api.openalex.org/works?filter=author.id:A5059301263,36.0,268.0,IT
samsun knight,https://openalex.org/A5103911177,Samsun Knight,https://api.openalex.org/works?filter=author.id:A5103911177,3.0,5.0,CA
matthew d. rocklage,https://openalex.org/A5076642772,Matthew D. Rocklage,https://api.openalex.org/works?filter=author.id:A5076642772,16.0,46.0,
yakov bart,https://openalex.org/A5073502448,Yakov Bart,https://api.openalex.org/works?filter=author.id:A5073502448,18.0,85.0,US
torben s. d. johansen,https://openalex.org/A5103100943,Torben S. D. Johansen,https://api.openalex.org/works?filter=author.id:A5103100943,4.0,11.0,DK
christian vedel,https://openalex.org/A5108361903,J Vedel,https://api.openalex.org/works?filter=author.id:A5108361903,6.0,35.0,DK
ignacio toledo roman,https://openalex.org/A5025327242,Ignacio Galvarino Toledo Román,https://api.openalex.org/works?filter=author.id:A5025327242,1.0,1.0,
sungkyu shaun park,https://openalex.org/A5085387972,Seojin Park,https://api.openalex.org/works?filter=author.id:A5085387972,1.0,5.0,US
isabel gebhardt,https://openalex.org/A5061205312,Isabel Gebhardt,https://api.openalex.org/works?filter=author.id:A5061205312,1.0,4.0,
timon drewes,https://openalex.org/A5095737580,Timon K. Drewes,https://api.openalex.org/works?filter=author.id:A5095737580,1.0,1.0,DE
malte reichelt,https://openalex.org/A5013785466,Malte Reichelt,https://api.openalex.org/works?filter=author.id:A5013785466,9.0,32.0,DE
philipp koch,https://openalex.org/A5069375338,Philipp Koch,https://api.openalex.org/works?filter=author.id:A5069375338,41.0,176.0,DE
viktor stojkoski,https://openalex.org/A5016705181,Viktor Stojkoski,https://api.openalex.org/works?filter=author.id:A5016705181,15.0,100.0,HU
maria nareklishvili,https://openalex.org/A5108621713,Nick Polson,https://api.openalex.org/works?filter=author.id:A5108621713,18.0,57.0,US
susan athey,https://openalex.org/A5001211242,Susan Athey,https://api.openalex.org/works?filter=author.id:A5001211242,62.0,370.0,
jann spiess,https://openalex.org/A5061755779,Jann Spiess,https://api.openalex.org/works?filter=author.id:A5061755779,9.0,52.0,US
jie hua,https://openalex.org/A5063913041,Jie Hua,https://api.openalex.org/works?filter=author.id:A5063913041,43.0,197.0,
pu yan,https://openalex.org/A5041467283,Pu‐yan Nie,https://api.openalex.org/works?filter=author.id:A5041467283,31.0,167.0,CN
jiamin li,https://openalex.org/A5100730414,Jiamin Li,https://api.openalex.org/works?filter=author.id:A5100730414,26.0,273.0,CN
anne c kroon,https://openalex.org/A5018717377,Anne C. Kroon,https://api.openalex.org/works?filter=author.id:A5018717377,16.0,45.0,NL
gabriele bossi,https://openalex.org/A5125341166,Gabriele Bossi,https://api.openalex.org/works?filter=author.id:A5125341166,0.0,1.0,
martí medina-hernández,https://openalex.org/A5084059803,Martí Medina-Hernández,https://api.openalex.org/works?filter=author.id:A5084059803,1.0,1.0,DE
janos kertesz,https://openalex.org/A5044033087,János Kertész,https://api.openalex.org/works?filter=author.id:A5044033087,64.0,389.0,
mihály fazekas,https://openalex.org/A5090872107,Mihály Fazekas,https://api.openalex.org/works?filter=author.id:A5090872107,28.0,161.0,AT
stefano balietti,https://openalex.org/A5066048702,Stefano Balietti,https://api.openalex.org/works?filter=author.id:A5066048702,14.0,45.0,DE
stefan kitzler,https://openalex.org/A5034863610,Stefan Kitzler,https://api.openalex.org/works?filter=author.id:A5034863610,4.0,20.0,AT
pietro saggese,https://openalex.org/A5067146201,Pietro Saggese,https://api.openalex.org/works?filter=author.id:A5067146201,5.0,26.0,IT
bernhard haslhofer,https://openalex.org/A5078932059,Bernhard Haslhofer,https://api.openalex.org/works?filter=author.id:A5078932059,25.0,147.0,AT
matilda hellman,https://openalex.org/A5071428099,Matilda Hellman,https://api.openalex.org/works?filter=author.id:A5071428099,17.0,246.0,SE
maria skeppstedt,https://openalex.org/A5065382850,Manfred Stede,https://api.openalex.org/works?filter=author.id:A5065382850,29.0,256.0,US
salsabil arabi,https://openalex.org/A5005902842,Salsabil Arabi,https://api.openalex.org/works?filter=author.id:A5005902842,3.0,9.0,US
ian hutchins,https://openalex.org/A5020639074,B. Ian Hutchins,https://api.openalex.org/works?filter=author.id:A5020639074,20.0,40.0,US
ivan smirnov,https://openalex.org/A5107856338,Ivan Smirnov,https://api.openalex.org/works?filter=author.id:A5107856338,37.0,85.0,
paul plener,https://openalex.org/A5021149437,Paul L. Plener,https://api.openalex.org/works?filter=author.id:A5021149437,52.0,443.0,DE
salah zrigui,https://openalex.org/A5022030754,Salah Zrigui,https://api.openalex.org/works?filter=author.id:A5022030754,6.0,25.0,FR
françois portet,https://openalex.org/A5079066445,François Portet,https://api.openalex.org/works?filter=author.id:A5079066445,29.0,282.0,FR
gilles bastin,https://openalex.org/A5032218282,Hélène Bouvaist,https://api.openalex.org/works?filter=author.id:A5032218282,35.0,193.0,FR
tara sowrirajan,https://openalex.org/A5005262703,Tara Sowrirajan,https://api.openalex.org/works?filter=author.id:A5005262703,3.0,6.0,US
ryan whalen,https://openalex.org/A5086442008,Richard E. Whalen,https://api.openalex.org/works?filter=author.id:A5086442008,45.0,146.0,US
lorenzo betti,https://openalex.org/A5013688285,Federico Musciotto,https://api.openalex.org/works?filter=author.id:A5013688285,12.0,44.0,
paolo bajardi,https://openalex.org/A5070491108,Paolo Bajardi,https://api.openalex.org/works?filter=author.id:A5070491108,21.0,60.0,BY
hao cui,https://openalex.org/A5059651484,Hao Cui,https://api.openalex.org/works?filter=author.id:A5059651484,57.0,601.0,CN
alexandra rottenkolber,https://openalex.org/A5119600915,Alexandra Rottenkolber,https://api.openalex.org/works?filter=author.id:A5119600915,0.0,1.0,
kai cooper,https://openalex.org/A5027209280,Kai Cooper,https://api.openalex.org/works?filter=author.id:A5027209280,0.0,2.0,
jennah gosciak,https://openalex.org/A5114336461,Jennah Gosciak,https://api.openalex.org/works?filter=author.id:A5114336461,1.0,6.0,US
aparna balagopalan,https://openalex.org/A5010008842,Aparna Balagopalan,https://api.openalex.org/works?filter=author.id:A5010008842,10.0,35.0,US
derek ouyang,https://openalex.org/A5008551833,Derek Ouyang,https://api.openalex.org/works?filter=author.id:A5008551833,8.0,36.0,US
marzyeh ghassemi,https://openalex.org/A5070063054,Marzyeh Ghassemi,https://api.openalex.org/works?filter=author.id:A5070063054,52.0,293.0,RU
daniel e. ho,https://openalex.org/A5058408154,Daniel E. Ho,https://api.openalex.org/works?filter=author.id:A5058408154,35.0,242.0,US
mauricio bucca,https://openalex.org/A5004730433,Mauricio Bucca,https://api.openalex.org/works?filter=author.id:A5004730433,5.0,13.0,CL
roberto cantillan carrasco,https://openalex.org/A5023025001,Roberto Cantillan Carrasco,https://api.openalex.org/works?filter=author.id:A5023025001,0.0,1.0,CL
ana vranić,https://openalex.org/A5018089491,Ana Vranić,https://api.openalex.org/works?filter=author.id:A5018089491,3.0,15.0,PT
dingeman jan van der laan,https://openalex.org/A5109368065,Jan van der Laan,https://api.openalex.org/works?filter=author.id:A5109368065,9.0,42.0,NL
fijnanda van klingeren,https://openalex.org/A5069567619,Fijnanda van Klingeren,https://api.openalex.org/works?filter=author.id:A5069567619,3.0,6.0,NL
marjolijn das,https://openalex.org/A5047436850,Marjolijn Das,https://api.openalex.org/works?filter=author.id:A5047436850,16.0,30.0,NL
maël lecoursonnais,https://openalex.org/A5116428565,Maël Lecoursonnais,https://api.openalex.org/works?filter=author.id:A5116428565,0.0,2.0,SE
selcan mutgan,https://openalex.org/A5083043810,Selcan Mutgan,https://api.openalex.org/works?filter=author.id:A5083043810,3.0,7.0,SE
zhao wang,https://openalex.org/A5028273524,Jiazhao Wang,https://api.openalex.org/works?filter=author.id:A5028273524,90.0,368.0,CN
yuqi liang,https://openalex.org/A5049625771,Yan Liang,https://api.openalex.org/works?filter=author.id:A5049625771,35.0,107.0,CN
xinyi li,https://openalex.org/A5022873491,Haibo Yang,https://api.openalex.org/works?filter=author.id:A5022873491,63.0,289.0,CN
christoph kern,https://openalex.org/A5037204027,Christoph Kern,https://api.openalex.org/works?filter=author.id:A5037204027,37.0,157.0,AT
prashant garg,https://openalex.org/A5084189967,Prashant Garg,https://api.openalex.org/works?filter=author.id:A5084189967,53.0,273.0,IN
zhaolun fan,https://openalex.org/A5115449729,Zhaolun Fan,https://api.openalex.org/works?filter=author.id:A5115449729,1.0,4.0,
valentin thouzeau,https://openalex.org/A5084730447,Valentin Thouzeau,https://api.openalex.org/works?filter=author.id:A5084730447,7.0,35.0,
ying zhong,https://openalex.org/A5008429967,Ying Zhong Tang,https://api.openalex.org/works?filter=author.id:A5008429967,39.0,179.0,CN
coralie chevallier,https://openalex.org/A5048242428,Coralie Chevallier,https://api.openalex.org/works?filter=author.id:A5048242428,39.0,385.0,FR
nicolas baumard,https://openalex.org/A5069318507,Nicolas Baumard,https://api.openalex.org/works?filter=author.id:A5069318507,31.0,206.0,FR
anders weile,https://openalex.org/A5111510233,Anders Weile Larsen,https://api.openalex.org/works?filter=author.id:A5111510233,1.0,4.0,
vedran sekara,https://openalex.org/A5048176602,Vedran Sekara,https://api.openalex.org/works?filter=author.id:A5048176602,12.0,43.0,US
mikhail tamm,https://openalex.org/A5062286782,Tamm Mikhail,https://api.openalex.org/works?filter=author.id:A5062286782,0.0,1.0,RU
mila oiva,https://openalex.org/A5012681383,Mila Oiva,https://api.openalex.org/works?filter=author.id:A5012681383,5.0,43.0,EE
maximilian schich,https://openalex.org/A5070753993,Maximilian Schich,https://api.openalex.org/works?filter=author.id:A5070753993,9.0,50.0,EE
mark mets,https://openalex.org/A5066107153,Ralph C. Eagle,https://api.openalex.org/works?filter=author.id:A5066107153,65.0,515.0,US
ksenia mukhina,https://openalex.org/A5060834533,Ksenia Mukhina,https://api.openalex.org/works?filter=author.id:A5060834533,8.0,61.0,EE
diana jordan,https://openalex.org/A5030569800,C. Diana Jordan,https://api.openalex.org/works?filter=author.id:A5030569800,10.0,22.0,ZA
samuel gosling,https://openalex.org/A5077287995,Samuel D. Gosling,https://api.openalex.org/works?filter=author.id:A5077287995,88.0,326.0,US
gabriella harari,https://openalex.org/A5032381602,Gabriella M. Harari,https://api.openalex.org/works?filter=author.id:A5032381602,31.0,104.0,US
arianna pera,https://openalex.org/A5040192490,Arianna Pera,https://api.openalex.org/works?filter=author.id:A5040192490,4.0,13.0,DK
mauro martino,https://openalex.org/A5031120336,Mauro Martino,https://api.openalex.org/works?filter=author.id:A5031120336,10.0,32.0,
nima dehmamy,https://openalex.org/A5078338477,Nima Dehmamy,https://api.openalex.org/works?filter=author.id:A5078338477,10.0,46.0,US
andrea baronchelli,https://openalex.org/A5068182184,Andrea Baronchelli,https://api.openalex.org/works?filter=author.id:A5068182184,46.0,256.0,GB
cassandra gunasekaram,https://openalex.org/A5092642158,Cassandra Gunasekaram,https://api.openalex.org/works?filter=author.id:A5092642158,2.0,2.0,CH
lucio vinicius,https://openalex.org/A5049591562,Lucio Vinicius,https://api.openalex.org/works?filter=author.id:A5049591562,24.0,75.0,
andrea bamberg migliano,https://openalex.org/A5076698573,Andrea Bamberg Migliano,https://api.openalex.org/works?filter=author.id:A5076698573,35.0,112.0,
lucas gautheron,https://openalex.org/A5061836283,Lucas Gautheron,https://api.openalex.org/works?filter=author.id:A5061836283,5.0,19.0,
niraj kushwaha,https://openalex.org/A5088249087,Niraj Kant Kushwaha,https://api.openalex.org/works?filter=author.id:A5088249087,4.0,17.0,AT
katharina ledebur,https://openalex.org/A5089147251,Katharina Ledebur,https://api.openalex.org/works?filter=author.id:A5089147251,3.0,18.0,AT
sagar kumar,https://openalex.org/A5069227151,Smita Mohanty,https://api.openalex.org/works?filter=author.id:A5069227151,65.0,559.0,IN
august lohse,https://openalex.org/A5059152087,August Lohse,https://api.openalex.org/works?filter=author.id:A5059152087,2.0,3.0,
karolina sliwa,https://openalex.org/A5041548170,Karolina Śliwa,https://api.openalex.org/works?filter=author.id:A5041548170,8.0,29.0,PL
ryo yokoi,https://openalex.org/A5050859650,Ryo Yokoi,https://api.openalex.org/works?filter=author.id:A5050859650,3.0,17.0,JP
ryosuke yamanishi,https://openalex.org/A5069311949,Ryosuke Yamanishi,https://api.openalex.org/works?filter=author.id:A5069311949,8.0,120.0,JP
eric m. feltham,https://openalex.org/A5092160363,Eric M. Feltham,https://api.openalex.org/works?filter=author.id:A5092160363,0.0,1.0,
nicholas christakis,https://openalex.org/A5010495671,Nicholas A. Christakis,https://api.openalex.org/works?filter=author.id:A5010495671,98.0,407.0,US
kamil fuławka,https://openalex.org/A5003086784,Kamil Fuławka,https://api.openalex.org/works?filter=author.id:A5003086784,6.0,19.0,DE
emma pierson,https://openalex.org/A5067807487,Emma Pierson,https://api.openalex.org/works?filter=author.id:A5067807487,25.0,105.0,US
simone lackner,https://openalex.org/A5029862125,Simone Lackner,https://api.openalex.org/works?filter=author.id:A5029862125,4.0,10.0,
frederico francisco,https://openalex.org/A5016223874,Frederico Francisco,https://api.openalex.org/works?filter=author.id:A5016223874,9.0,40.0,
cristina mendonça,https://openalex.org/A5029365001,Maria Cristina de Mendonça,https://api.openalex.org/works?filter=author.id:A5029365001,9.0,13.0,PT
andré mata,https://openalex.org/A5035729006,André Mata,https://api.openalex.org/works?filter=author.id:A5035729006,17.0,83.0,PT
chaeeun han,https://openalex.org/A5085110878,Chanshuai Han,https://api.openalex.org/works?filter=author.id:A5085110878,15.0,26.0,CA
sangpil youm,https://openalex.org/A5023405697,Sangpil Youm,https://api.openalex.org/works?filter=author.id:A5023405697,3.0,4.0,US
hojeong yoo,https://openalex.org/A5002073039,Sou Hyun Jang,https://api.openalex.org/works?filter=author.id:A5002073039,13.0,81.0,KR
sou hyun jang,https://openalex.org/A5002073039,Sou Hyun Jang,https://api.openalex.org/works?filter=author.id:A5002073039,13.0,81.0,KR
hiroki oda,https://openalex.org/A5080122012,Hiroki Oda,https://api.openalex.org/works?filter=author.id:A5080122012,33.0,127.0,JP
kinga makovi,https://openalex.org/A5055686105,Kinga Makovi,https://api.openalex.org/works?filter=author.id:A5055686105,11.0,39.0,
milena tsvetkova,https://openalex.org/A5069791094,Milena Tsvetkova,https://api.openalex.org/works?filter=author.id:A5069791094,12.0,76.0,GB
eaman jahani,https://openalex.org/A5000868394,Eaman Jahani,https://api.openalex.org/works?filter=author.id:A5000868394,10.0,45.0,US
blas kolic,https://openalex.org/A5086259064,Blas Kolic,https://api.openalex.org/works?filter=author.id:A5086259064,2.0,7.0,ES
hause lin,https://openalex.org/A5022754313,Hause Lin,https://api.openalex.org/works?filter=author.id:A5022754313,19.0,89.0,
manuel tonneau,https://openalex.org/A5003730904,Manuel Tonneau,https://api.openalex.org/works?filter=author.id:A5003730904,3.0,21.0,
niyati malhotra,https://openalex.org/A5022598524,Saugato Datta,https://api.openalex.org/works?filter=author.id:A5022598524,12.0,50.0,US
victor orozco-olvera,https://openalex.org/A5091677618,Víctor Orozco-Olvera,https://api.openalex.org/works?filter=author.id:A5091677618,9.0,52.0,MX
samuel fraiberger,https://openalex.org/A5075585231,Samuel P. Fraiberger,https://api.openalex.org/works?filter=author.id:A5075585231,16.0,54.0,
qiankun zhong,https://openalex.org/A5037093270,Qiankun Zhong,https://api.openalex.org/works?filter=author.id:A5037093270,6.0,26.0,
nori jacoby,https://openalex.org/A5021757437,Nori Jacoby,https://api.openalex.org/works?filter=author.id:A5021757437,30.0,151.0,US
ofer tchernichovski,https://openalex.org/A5047713899,Ofer Tchernichovski,https://api.openalex.org/works?filter=author.id:A5047713899,29.0,101.0,
seth frey,https://openalex.org/A5022089542,Seth Frey,https://api.openalex.org/works?filter=author.id:A5022089542,14.0,99.0,US
carina i hausladen,https://openalex.org/A5056226566,Carina Ines Hausladen,https://api.openalex.org/works?filter=author.id:A5056226566,9.0,40.0,US
marcel h schubert,https://openalex.org/A5029095817,Marcel H. Schubert,https://api.openalex.org/works?filter=author.id:A5029095817,1.0,1.0,DE
christoph engel,https://openalex.org/A5031247002,Eitan Friedman,https://api.openalex.org/works?filter=author.id:A5031247002,89.0,746.0,IL
dalton c. conley,https://openalex.org/A5014317276,Dalton Conley,https://api.openalex.org/works?filter=author.id:A5014317276,52.0,318.0,
onur varol,https://openalex.org/A5031461158,Onur Varol,https://api.openalex.org/works?filter=author.id:A5031461158,24.0,93.0,
ege demirci,https://openalex.org/A5111793089,Senem Demirci,https://api.openalex.org/works?filter=author.id:A5111793089,9.0,19.0,
efe tüzün,https://openalex.org/A5115780937,Efe Tuzun,https://api.openalex.org/works?filter=author.id:A5115780937,0.0,1.0,
ahmet furkan ün,https://openalex.org/A5115780938,Ahmet Furkan Un,https://api.openalex.org/works?filter=author.id:A5115780938,0.0,1.0,
aparna ananthasubramaniam,https://openalex.org/A5053835888,Aparna Ananthasubramaniam,https://api.openalex.org/works?filter=author.id:A5053835888,3.0,18.0,US
elyse joan thulin,https://openalex.org/A5012632282,Elyse J. Thulin,https://api.openalex.org/works?filter=author.id:A5012632282,10.0,40.0,US
mohammad belal,https://openalex.org/A5050678130,M. Belal Hossain,https://api.openalex.org/works?filter=author.id:A5050678130,47.0,496.0,AU
nguyen luong,https://openalex.org/A5100718209,Luong T. Nguyen,https://api.openalex.org/works?filter=author.id:A5100718209,46.0,122.0,VN
talayeh aledavood,https://openalex.org/A5003213649,Talayeh Aledavood,https://api.openalex.org/works?filter=author.id:A5003213649,16.0,62.0,FI
anca balietti,https://openalex.org/A5009838386,Anca Balietti,https://api.openalex.org/works?filter=author.id:A5009838386,2.0,19.0,DE
hongyu zhou,https://openalex.org/A5100783219,Hong-Yu Zhou,https://api.openalex.org/works?filter=author.id:A5100783219,50.0,291.0,US
thiemo fetzer,https://openalex.org/A5034565938,Thiemo Fetzer,https://api.openalex.org/works?filter=author.id:A5034565938,24.0,346.0,DE
nikolas zöller,https://openalex.org/A5000025221,Nikolas Zöller,https://api.openalex.org/works?filter=author.id:A5000025221,4.0,10.0,DE
julian berger,https://openalex.org/A5039337520,F. Berger,https://api.openalex.org/works?filter=author.id:A5039337520,24.0,117.0,IT
irving lin,https://openalex.org/A5100392130,Wei Wang,https://api.openalex.org/works?filter=author.id:A5100392130,66.0,977.0,CN
nathan fu,https://openalex.org/A5050048947,Rudolf Valenta,https://api.openalex.org/works?filter=author.id:A5050048947,114.0,1023.0,RU
jayanth komarneni,https://openalex.org/A5099447640,Jayanth Komarneni,https://api.openalex.org/works?filter=author.id:A5099447640,1.0,2.0,US
gioele barabucci,https://openalex.org/A5091389844,Gioele Barabucci,https://api.openalex.org/works?filter=author.id:A5091389844,7.0,42.0,
kyle laskowski,https://openalex.org/A5030859194,Kornel Laskowski,https://api.openalex.org/works?filter=author.id:A5030859194,18.0,67.0,US
victor shia,https://openalex.org/A5047128300,Victor Shia,https://api.openalex.org/works?filter=author.id:A5047128300,14.0,36.0,US
benjamin harack,https://openalex.org/A5023671549,Benjamin Harack,https://api.openalex.org/works?filter=author.id:A5023671549,4.0,10.0,CA
eugene a. chu,https://openalex.org/A5082312494,Eugene A. Chu,https://api.openalex.org/works?filter=author.id:A5082312494,14.0,43.0,US
vito trianni,https://openalex.org/A5055111984,Vito Trianni,https://api.openalex.org/works?filter=author.id:A5055111984,41.0,161.0,IT
stefan herzog,https://openalex.org/A5008439962,Stefan M. Herzog,https://api.openalex.org/works?filter=author.id:A5008439962,29.0,139.0,
katie ekstrom,https://openalex.org/A5123417154,Katie Ekstrom Grenon¹,https://api.openalex.org/works?filter=author.id:A5123417154,0.0,1.0,
david c. jangraw,https://openalex.org/A5026763824,David C. Jangraw,https://api.openalex.org/works?filter=author.id:A5026763824,17.0,61.0,US
jonas schlicht,https://openalex.org/A5006251372,Jonas A. Schlicht,https://api.openalex.org/works?filter=author.id:A5006251372,1.0,3.0,NL
thabo j van woudenberg,https://openalex.org/A5004164861,Thabo J. van Woudenberg,https://api.openalex.org/works?filter=author.id:A5004164861,13.0,51.0,
anna sara ligeti,https://openalex.org/A5061454360,Anna Sára Ligeti,https://api.openalex.org/works?filter=author.id:A5061454360,3.0,14.0,HU
melody sepahpour-fard,https://openalex.org/A5065085418,Melody Sepahpour‐Fard,https://api.openalex.org/works?filter=author.id:A5065085418,3.0,10.0,IE
michael quayle,https://openalex.org/A5052854928,Michael Quayle,https://api.openalex.org/works?filter=author.id:A5052854928,27.0,155.0,IE
pádraig maccarron,https://openalex.org/A5023536673,Pádraig MacCarron,https://api.openalex.org/works?filter=author.id:A5023536673,13.0,71.0,IE
shane mannion,https://openalex.org/A5040802478,Shane Mannion,https://api.openalex.org/works?filter=author.id:A5040802478,3.0,9.0,IE
dong nguyen,https://openalex.org/A5091022089,Quan Dong Nguyen,https://api.openalex.org/works?filter=author.id:A5091022089,66.0,760.0,US
naomi muggleton,https://openalex.org/A5013862232,Naomi Muggleton,https://api.openalex.org/works?filter=author.id:A5013862232,5.0,18.0,GB
aaron reeves,https://openalex.org/A5039995516,Aaron Reeves,https://api.openalex.org/works?filter=author.id:A5039995516,48.0,254.0,GB
charles rahal,https://openalex.org/A5072230333,Philip Clarke,https://api.openalex.org/works?filter=author.id:A5072230333,56.0,512.0,AU
linda li,https://openalex.org/A5100614771,Linda Li,https://api.openalex.org/works?filter=author.id:A5100614771,52.0,492.0,CA
andres castro,https://openalex.org/A5023412378,F. J. Castander,https://api.openalex.org/works?filter=author.id:A5023412378,103.0,746.0,NO
aliakbar akbaritabar,https://openalex.org/A5067953991,Aliakbar Akbaritabar,https://api.openalex.org/works?filter=author.id:A5067953991,12.0,57.0,DE
giangiacomo bravo,https://openalex.org/A5079929906,Giangiacomo Bravo,https://api.openalex.org/works?filter=author.id:A5079929906,25.0,158.0,SE
laura diosan,https://openalex.org/A5052445343,Laura Dioşan,https://api.openalex.org/works?filter=author.id:A5052445343,14.0,136.0,RO
clara egger,https://openalex.org/A5081249087,Clara Egger,https://api.openalex.org/works?filter=author.id:A5081249087,7.0,61.0,NL
elizaveta kopacheva,https://openalex.org/A5082395980,Elizaveta Kopacheva,https://api.openalex.org/works?filter=author.id:A5082395980,4.0,8.0,SE
asya zhelyazkova,https://openalex.org/A5075866737,Asya Zhelyazkova,https://api.openalex.org/works?filter=author.id:A5075866737,15.0,40.0,NL
richard johansson,https://openalex.org/A5079881269,Richard Johansson,https://api.openalex.org/works?filter=author.id:A5079881269,23.0,158.0,
özgür togay,https://openalex.org/A5115860971,Özgür Togay,https://api.openalex.org/works?filter=author.id:A5115860971,0.0,2.0,NL
anastasia giachanou,https://openalex.org/A5072912426,Anastasia Giachanou,https://api.openalex.org/works?filter=author.id:A5072912426,21.0,80.0,NL
javier garcia-bernardo,https://openalex.org/A5045451254,Javier García-Bernardo,https://api.openalex.org/works?filter=author.id:A5045451254,15.0,86.0,NL
florian kunneman,https://openalex.org/A5063456893,Florian Kunneman,https://api.openalex.org/works?filter=author.id:A5063456893,11.0,70.0,
hayafumi watanabe,https://openalex.org/A5035999040,Hayafumi Watanabe,https://api.openalex.org/works?filter=author.id:A5035999040,4.0,18.0,
mingmeng geng,https://openalex.org/A5095699509,Mingmeng Geng,https://api.openalex.org/works?filter=author.id:A5095699509,1.0,6.0,
caixi chen,https://openalex.org/A5033570300,C.-Y. Doris and Lily Li-juang Liu Chen,https://api.openalex.org/works?filter=author.id:A5033570300,1.0,2.0,
yanru wu,https://openalex.org/A5033914298,Liubing Dong,https://api.openalex.org/works?filter=author.id:A5033914298,52.0,100.0,CN
yao wan,https://openalex.org/A5103781592,Wan-zhen Yao,https://api.openalex.org/works?filter=author.id:A5103781592,28.0,145.0,CN
pan zhou,https://openalex.org/A5100693197,Pan Zhou,https://api.openalex.org/works?filter=author.id:A5100693197,58.0,527.0,CN
dongping chen,https://openalex.org/A5080344245,Dongping Chen,https://api.openalex.org/works?filter=author.id:A5080344245,37.0,251.0,CN
betul ozturan,https://openalex.org/A5115534702,Betül Özturan,https://api.openalex.org/works?filter=author.id:A5115534702,0.0,2.0,US
shengchun huang,https://openalex.org/A5100371274,Sheng Wang,https://api.openalex.org/works?filter=author.id:A5100371274,67.0,429.0,CN
stephanie wang,https://openalex.org/A5101922299,Stephanie Wang,https://api.openalex.org/works?filter=author.id:A5101922299,14.0,70.0,US
alvin zhou,https://openalex.org/A5058939619,Alvin Zhou,https://api.openalex.org/works?filter=author.id:A5058939619,18.0,65.0,US
danaé metaxa,https://openalex.org/A5086524212,Danaë Metaxa,https://api.openalex.org/works?filter=author.id:A5086524212,15.0,45.0,US
yuning liu,https://openalex.org/A5100658744,Yuning Liu,https://api.openalex.org/works?filter=author.id:A5100658744,22.0,64.0,CN
emily xing,https://openalex.org/A5041997204,Ren Mo,https://api.openalex.org/works?filter=author.id:A5041997204,2.0,4.0,
stanley huang,https://openalex.org/A5046189285,Stanley Ching‐Cheng Huang,https://api.openalex.org/works?filter=author.id:A5046189285,34.0,68.0,US
yingrong mao,https://openalex.org/A5065435667,Yingrong Mao,https://api.openalex.org/works?filter=author.id:A5065435667,1.0,1.0,CN
byungkyu lee,https://openalex.org/A5066089123,Byungkyu Lee,https://api.openalex.org/works?filter=author.id:A5066089123,14.0,189.0,US
bernice pescosolido,https://openalex.org/A5007941468,Bernice A. Pescosolido,https://api.openalex.org/works?filter=author.id:A5007941468,65.0,327.0,US
dirk u. wulff,https://openalex.org/A5006793496,Dirk U. Wulff,https://api.openalex.org/works?filter=author.id:A5006793496,23.0,125.0,CH
nicolas scharowski,https://openalex.org/A5073186689,Nicolas Scharowski,https://api.openalex.org/works?filter=author.id:A5073186689,6.0,15.0,CH
rui mata,https://openalex.org/A5042234223,Rui Mata,https://api.openalex.org/works?filter=author.id:A5042234223,40.0,179.0,CH
elisabeth höldrich,https://openalex.org/A5120572440,Elisabeth Höldrich,https://api.openalex.org/works?filter=author.id:A5120572440,0.0,1.0,
mathias angermaier,https://openalex.org/A5120440497,Mathias Angermaier,https://api.openalex.org/works?filter=author.id:A5120440497,0.0,2.0,
joao pinheiro neto,https://openalex.org/A5041666003,João Pinheiro Neto,https://api.openalex.org/works?filter=author.id:A5041666003,4.0,11.0,DE
sanika damle,https://openalex.org/A5026105073,S G Damle,https://api.openalex.org/works?filter=author.id:A5026105073,16.0,58.0,IN
radhika krishnan,https://openalex.org/A5001774343,Radhika Krishnan,https://api.openalex.org/works?filter=author.id:A5001774343,20.0,63.0,IN
helena rauxloh,https://openalex.org/A5093362621,Helena Rauxloh,https://api.openalex.org/works?filter=author.id:A5093362621,2.0,6.0,DE
xixuan zhang,https://openalex.org/A5079983445,Xixuan Zhang,https://api.openalex.org/works?filter=author.id:A5079983445,4.0,10.0,DE
annett heft,https://openalex.org/A5024066633,Annett Heft,https://api.openalex.org/works?filter=author.id:A5024066633,16.0,61.0,DE
yangliu fan,https://openalex.org/A5004327296,Yangliu Fan,https://api.openalex.org/works?filter=author.id:A5004327296,2.0,8.0,DE
fabio sartori,https://openalex.org/A5053982410,Fábio Sartori,https://api.openalex.org/works?filter=author.id:A5053982410,14.0,129.0,IT
michael maes,https://openalex.org/A5032880777,Michaël Maes,https://api.openalex.org/works?filter=author.id:A5032880777,141.0,1385.0,US
sophia horn,https://openalex.org/A5010871179,S. Horn,https://api.openalex.org/works?filter=author.id:A5010871179,42.0,293.0,US
sven banisch,https://openalex.org/A5067907907,Sven Banisch,https://api.openalex.org/works?filter=author.id:A5067907907,12.0,76.0,
francesco corso,https://openalex.org/A5052194553,F. Dal Corso,https://api.openalex.org/works?filter=author.id:A5052194553,25.0,80.0,
giuseppe russo,https://openalex.org/A5052696387,Simona Sacco,https://api.openalex.org/works?filter=author.id:A5052696387,72.0,542.0,IT
francesco pierri,https://openalex.org/A5013385420,Francesco Pierri,https://api.openalex.org/works?filter=author.id:A5013385420,19.0,372.0,IT
marcel kappes,https://openalex.org/A5018152308,M. Zoll,https://api.openalex.org/works?filter=author.id:A5018152308,53.0,115.0,
pavel dimitrov chachev,https://openalex.org/A5032277739,Pavel Dimitrov Chachev,https://api.openalex.org/works?filter=author.id:A5032277739,1.0,2.0,DE
friedolin merhout,https://openalex.org/A5077079991,Friedolin Merhout,https://api.openalex.org/works?filter=author.id:A5077079991,9.0,21.0,DK
mauro martinelli,https://openalex.org/A5086308811,Mauro Martinelli,https://api.openalex.org/works?filter=author.id:A5086308811,12.0,38.0,IT
johanna hölzl,https://openalex.org/A5115722781,Johanna Hölzl,https://api.openalex.org/works?filter=author.id:A5115722781,1.0,1.0,
florian keusch,https://openalex.org/A5051891666,Florian Keusch,https://api.openalex.org/works?filter=author.id:A5051891666,25.0,121.0,
john collins,https://openalex.org/A5006184736,John Collins,https://api.openalex.org/works?filter=author.id:A5006184736,43.0,318.0,US
galántai júlia,https://openalex.org/A5026555452,Júlia Galántai,https://api.openalex.org/works?filter=author.id:A5026555452,2.0,6.0,HU
flóra samu,https://openalex.org/A5036307421,Flóra Samu,https://api.openalex.org/works?filter=author.id:A5036307421,6.0,16.0,HU
erwanghao yu,https://openalex.org/A5074394862,Eden S. H. Yu,https://api.openalex.org/works?filter=author.id:A5074394862,17.0,97.0,HK
felix gaisbauer,https://openalex.org/A5101757276,Felix Gaisbauer,https://api.openalex.org/works?filter=author.id:A5101757276,6.0,23.0,DE
jakob ohme,https://openalex.org/A5091891085,Jakob Ohme,https://api.openalex.org/works?filter=author.id:A5091891085,24.0,88.0,DE
maximilian kreutner,https://openalex.org/A5119950542,Maximilian Kreutner,https://api.openalex.org/works?filter=author.id:A5119950542,0.0,1.0,
marlene lutz,https://openalex.org/A5033848785,Marlene Lutz,https://api.openalex.org/works?filter=author.id:A5033848785,3.0,13.0,
erdem şahin,https://openalex.org/A5038765962,Erdem Tüzün,https://api.openalex.org/works?filter=author.id:A5038765962,38.0,396.0,HU
yusuf sezer car,https://openalex.org/A5119402063,Yusuf Sezer Car,https://api.openalex.org/works?filter=author.id:A5119402063,0.0,1.0,DE
arda astam,https://openalex.org/A5119402064,Arda Astam,https://api.openalex.org/works?filter=author.id:A5119402064,0.0,1.0,DE
didem gundogdu,https://openalex.org/A5069479167,Didem Gündoğdu,https://api.openalex.org/works?filter=author.id:A5069479167,3.0,10.0,DE
duilio balsamo,https://openalex.org/A5090318645,Duilio Balsamo,https://api.openalex.org/works?filter=author.id:A5090318645,4.0,10.0,IT
vittoria offeddu,https://openalex.org/A5010627833,Vittoria Offeddu,https://api.openalex.org/works?filter=author.id:A5010627833,9.0,33.0,IT
chiara chiavenna,https://openalex.org/A5028705781,Chiara Chiavenna,https://api.openalex.org/works?filter=author.id:A5028705781,6.0,21.0,
laura p. leone,https://openalex.org/A5046303383,Paul Mariner,https://api.openalex.org/works?filter=author.id:A5046303383,10.0,125.0,US
elena d'agnese,https://openalex.org/A5115653580,Elena D’Agnese,https://api.openalex.org/works?filter=author.id:A5115653580,1.0,6.0,IT
deepak sharma,https://openalex.org/A5100786499,Deepak Sharma,https://api.openalex.org/works?filter=author.id:A5100786499,35.0,443.0,IN
aleksandra torbica,https://openalex.org/A5008132739,Aleksandra Torbica,https://api.openalex.org/works?filter=author.id:A5008132739,35.0,190.0,IT
soheil shayegh,https://openalex.org/A5015269440,Soheil Shayegh,https://api.openalex.org/works?filter=author.id:A5015269440,16.0,81.0,IT
javier andreu-perez,https://openalex.org/A5029626997,Javier Andreu-Pérez,https://api.openalex.org/works?filter=author.id:A5029626997,22.0,120.0,GB
alessia melegaro,https://openalex.org/A5061900944,Alessia Melegaro,https://api.openalex.org/works?filter=author.id:A5061900944,41.0,136.0,IT
ina ni,https://openalex.org/A5016769592,Ina Ni,https://api.openalex.org/works?filter=author.id:A5016769592,1.0,2.0,DE
phelia weiss,https://openalex.org/A5083526294,Phelia Weiß,https://api.openalex.org/works?filter=author.id:A5083526294,3.0,4.0,AT
kevin koban,https://openalex.org/A5048041427,Kevin Koban,https://api.openalex.org/works?filter=author.id:A5048041427,13.0,61.0,AT
jörg matthes,https://openalex.org/A5091032457,Jörg Matthes,https://api.openalex.org/works?filter=author.id:A5091032457,63.0,440.0,AT
dario krpan,https://openalex.org/A5037882098,Dario Krpan,https://api.openalex.org/works?filter=author.id:A5037882098,14.0,71.0,
andrea w wen-yi,https://openalex.org/A5093402679,Andrea W Wen-Yi,https://api.openalex.org/works?filter=author.id:A5093402679,2.0,8.0,US
kathryn adamson,https://openalex.org/A5109975415,Kathryn Adamson,https://api.openalex.org/works?filter=author.id:A5109975415,13.0,40.0,
nathalie greenfield,https://openalex.org/A5114401778,Nathalie Greenfield,https://api.openalex.org/works?filter=author.id:A5114401778,2.0,3.0,US
rachel goldberg,https://openalex.org/A5049216179,Rachel Goldberg,https://api.openalex.org/works?filter=author.id:A5049216179,16.0,35.0,US
sandra babcock,https://openalex.org/A5013712887,Sandra Babcock,https://api.openalex.org/works?filter=author.id:A5013712887,2.0,18.0,US
david mimno,https://openalex.org/A5086934220,David Mimno,https://api.openalex.org/works?filter=author.id:A5086934220,34.0,140.0,US
anders giovanni møller,https://openalex.org/A5020418858,Anders Giovanni Møller,https://api.openalex.org/works?filter=author.id:A5020418858,5.0,13.0,DK
david jurgens,https://openalex.org/A5064159344,Adam Kilgarriff,https://api.openalex.org/works?filter=author.id:A5064159344,44.0,156.0,
meryl ye,https://openalex.org/A5015760732,Meryl Ye,https://api.openalex.org/works?filter=author.id:A5015760732,1.0,6.0,
hsin-keng ling,https://openalex.org/A5079124227,Yingwen Wang,https://api.openalex.org/works?filter=author.id:A5079124227,22.0,99.0,TW
koki ota,https://openalex.org/A5058942683,Koki Ota,https://api.openalex.org/works?filter=author.id:A5058942683,5.0,9.0,JP
michele d'errico,https://openalex.org/A5109295857,M. d’Errico,https://api.openalex.org/works?filter=author.id:A5109295857,6.0,9.0,IT
jens dörpinghaus,https://openalex.org/A5047464344,Jens Dörpinghaus,https://api.openalex.org/works?filter=author.id:A5047464344,9.0,77.0,
michael tiemann,https://openalex.org/A5002176910,Michael Tiemann,https://api.openalex.org/works?filter=author.id:A5002176910,35.0,196.0,DE
kristine hein,https://openalex.org/A5022579600,K Hein,https://api.openalex.org/works?filter=author.id:A5022579600,9.0,32.0,DE
robert helmrich,https://openalex.org/A5036782945,Robert Helmrich,https://api.openalex.org/works?filter=author.id:A5036782945,8.0,52.0,DE
clare llewellyn,https://openalex.org/A5073160298,Clare Llewellyn,https://api.openalex.org/works?filter=author.id:A5073160298,50.0,246.0,GB
jason burton,https://openalex.org/A5070346701,Jason W. Burton,https://api.openalex.org/works?filter=author.id:A5070346701,6.0,26.0,DK
ralph hertwig,https://openalex.org/A5068556395,Ralph Hertwig,https://api.openalex.org/works?filter=author.id:A5068556395,78.0,617.0,DE
sam jeffers,https://openalex.org/A5120484800,Sam Jeffers,https://api.openalex.org/works?filter=author.id:A5120484800,0.0,1.0,
kevin carmody,https://openalex.org/A5074270541,Kevin Carmody,https://api.openalex.org/works?filter=author.id:A5074270541,3.0,11.0,
almog simchon,https://openalex.org/A5031514121,Almog Simchon,https://api.openalex.org/works?filter=author.id:A5031514121,10.0,51.0,IL
jiho kwak,https://openalex.org/A5108858557,Jiho. Kwak,https://api.openalex.org/works?filter=author.id:A5108858557,0.0,1.0,KR
tom theile,https://openalex.org/A5033208803,Tom Theile,https://api.openalex.org/works?filter=author.id:A5033208803,6.0,19.0,
jisu kim,https://openalex.org/A5100451477,Jisu Kim,https://api.openalex.org/works?filter=author.id:A5100451477,30.0,322.0,KR
megan brown,https://openalex.org/A5091451403,Neil C. Henderson,https://api.openalex.org/works?filter=author.id:A5091451403,63.0,259.0,US
shubham atreja,https://openalex.org/A5076021360,Shubham Atreja,https://api.openalex.org/works?filter=author.id:A5076021360,9.0,24.0,US
patrick y. wu,https://openalex.org/A5064038244,Hao Wu,https://api.openalex.org/works?filter=author.id:A5064038244,38.0,121.0,US
libby hemphill,https://openalex.org/A5077179813,Libby Hemphill,https://api.openalex.org/works?filter=author.id:A5077179813,23.0,141.0,US
siming huang,https://openalex.org/A5037727403,Siming Huang,https://api.openalex.org/works?filter=author.id:A5037727403,38.0,115.0,US
yuliang xu,https://openalex.org/A5100951653,Yuliang Xu,https://api.openalex.org/works?filter=author.id:A5100951653,18.0,50.0,US
dimitrios kokkinakis,https://openalex.org/A5064802580,Dimitrios Kokkinakis,https://api.openalex.org/works?filter=author.id:A5064802580,15.0,106.0,SE
daniel wojahn,https://openalex.org/A5060299718,Daniel Wojahn,https://api.openalex.org/works?filter=author.id:A5060299718,3.0,16.0,
johan järlehed,https://openalex.org/A5018297686,Johan Järlehed,https://api.openalex.org/works?filter=author.id:A5018297686,10.0,32.0,NL
collin coil,https://openalex.org/A5093454296,Collin Coil,https://api.openalex.org/works?filter=author.id:A5093454296,2.0,13.0,US
nicholas chen,https://openalex.org/A5100731451,Eric Chen,https://api.openalex.org/works?filter=author.id:A5100731451,85.0,1435.0,US
caroline bruckner,https://openalex.org/A5058710207,Caroline Holt,https://api.openalex.org/works?filter=author.id:A5058710207,2.0,2.0,
saeedeh mohammadi,https://openalex.org/A5019811597,Somayyeh Mohammadi,https://api.openalex.org/works?filter=author.id:A5019811597,14.0,123.0,IE
andrew schauf,https://openalex.org/A5040651152,Andrew Schauf,https://api.openalex.org/works?filter=author.id:A5040651152,3.0,13.0,ID
miguel escobar varela,https://openalex.org/A5009440845,Miguel Escobar Varela,https://api.openalex.org/works?filter=author.id:A5009440845,6.0,47.0,SG
michael patrick mcgreevy,https://openalex.org/A5089601215,Michael McGreevy,https://api.openalex.org/works?filter=author.id:A5089601215,10.0,30.0,SG
joshua claassen,https://openalex.org/A5024418682,Paul A. Gardiner,https://api.openalex.org/works?filter=author.id:A5024418682,48.0,193.0,AU
jan karem höhne,https://openalex.org/A5070855193,Jan Karem Höhne,https://api.openalex.org/works?filter=author.id:A5070855193,16.0,69.0,DE
ruben l. bach,https://openalex.org/A5058847520,Ruben L. Bach,https://api.openalex.org/works?filter=author.id:A5058847520,14.0,65.0,DE
anna-carolina haensch,https://openalex.org/A5037838698,Anna‐Carolina Haensch,https://api.openalex.org/works?filter=author.id:A5037838698,4.0,48.0,DE
germans savcisens,https://openalex.org/A5073159336,Germans Savcisens,https://api.openalex.org/works?filter=author.id:A5073159336,2.0,14.0,MX
tina eliassi-rad,https://openalex.org/A5080731595,Tina Eliassi‐Rad,https://api.openalex.org/works?filter=author.id:A5080731595,37.0,216.0,
wanwan zheng,https://openalex.org/A5100431833,Wei Liu,https://api.openalex.org/works?filter=author.id:A5100431833,36.0,308.0,CN
gang li,https://openalex.org/A5100438640,Gang Li,https://api.openalex.org/works?filter=author.id:A5100438640,106.0,702.0,CN
dandan qiao,https://openalex.org/A5069287307,Dandan Qiao,https://api.openalex.org/works?filter=author.id:A5069287307,10.0,28.0,CN
mingxuan zheng,https://openalex.org/A5057457548,Gang Sun,https://api.openalex.org/works?filter=author.id:A5057457548,81.0,546.0,CN
yannik keller,https://openalex.org/A5040323736,Marcus J. Grote,https://api.openalex.org/works?filter=author.id:A5040323736,31.0,141.0,
jana jung,https://openalex.org/A5060321935,Jana Jung,https://api.openalex.org/works?filter=author.id:A5060321935,2.0,7.0,DE
annina claesson,https://openalex.org/A5074509683,Annina Claesson,https://api.openalex.org/works?filter=author.id:A5074509683,3.0,10.0,
emilien schultz,https://openalex.org/A5079294298,Émilien Schultz,https://api.openalex.org/works?filter=author.id:A5079294298,11.0,114.0,FR
robin forsberg,https://openalex.org/A5120281370,Robin Forsberg,https://api.openalex.org/works?filter=author.id:A5120281370,0.0,2.0,
desheng hu,https://openalex.org/A5007105250,Desheng Hu,https://api.openalex.org/works?filter=author.id:A5007105250,33.0,164.0,CN
matti nelimarkka,https://openalex.org/A5034728614,Matti Nelimarkka,https://api.openalex.org/works?filter=author.id:A5034728614,17.0,90.0,
naomi baes,https://openalex.org/A5022900079,Naomi Baes,https://api.openalex.org/works?filter=author.id:A5022900079,5.0,19.0,
ekaterina vylomova,https://openalex.org/A5088590161,Terry Regier,https://api.openalex.org/works?filter=author.id:A5088590161,43.0,135.0,US
nick haslam,https://openalex.org/A5090589044,Nick Haslam,https://api.openalex.org/works?filter=author.id:A5090589044,83.0,513.0,US
myokyung han,https://openalex.org/A5125117528,Myokyung Han,https://api.openalex.org/works?filter=author.id:A5125117528,0.0,1.0,KR
taegyoon kim,https://openalex.org/A5087900468,Taegyoon Kim,https://api.openalex.org/works?filter=author.id:A5087900468,2.0,8.0,KR
jinhyuk yun,https://openalex.org/A5102922371,Jinhyuk Yun,https://api.openalex.org/works?filter=author.id:A5102922371,7.0,40.0,KR
lanu kim,https://openalex.org/A5018964666,Lanu Kim,https://api.openalex.org/works?filter=author.id:A5018964666,8.0,24.0,KR
lunan zhao,https://openalex.org/A5032193396,Lunan Zhao,https://api.openalex.org/works?filter=author.id:A5032193396,3.0,3.0,CN
anding wang,https://openalex.org/A5041987478,Anding Wang,https://api.openalex.org/works?filter=author.id:A5041987478,35.0,116.0,CN
xiaoxing fu,https://openalex.org/A5019216175,Xiaoxing Fu,https://api.openalex.org/works?filter=author.id:A5019216175,10.0,21.0,CN
lion wedel,https://openalex.org/A5099112788,Lion Wedel,https://api.openalex.org/works?filter=author.id:A5099112788,1.0,9.0,
wenlan zhang,https://openalex.org/A5102002026,Wenlan Zhang,https://api.openalex.org/works?filter=author.id:A5102002026,32.0,94.0,CN
qunshan zhao,https://openalex.org/A5077137261,Qunshan Zhao,https://api.openalex.org/works?filter=author.id:A5077137261,17.0,96.0,GB
adeline clarke,https://openalex.org/A5099120990,Adeline Clarke,https://api.openalex.org/works?filter=author.id:A5099120990,0.0,3.0,
andrea baños-ramos,https://openalex.org/A5117345727,Andrea Baños-Ramos,https://api.openalex.org/works?filter=author.id:A5117345727,0.0,2.0,ES
gregorio lópez lópez,https://openalex.org/A5081286391,G. López,https://api.openalex.org/works?filter=author.id:A5081286391,34.0,342.0,ES
mario castro ponce,https://openalex.org/A5002816287,Mario Castro,https://api.openalex.org/works?filter=author.id:A5002816287,33.0,177.0,US
maría reneses botija,https://openalex.org/A5002826369,María Reneses,https://api.openalex.org/works?filter=author.id:A5002826369,2.0,12.0,ES
edmond awad,https://openalex.org/A5033716467,Edmond Awad,https://api.openalex.org/works?filter=author.id:A5033716467,17.0,74.0,GB
amy l murphy,https://openalex.org/A5002205400,Amy L. Murphy,https://api.openalex.org/works?filter=author.id:A5002205400,36.0,190.0,IT
davide molteni,https://openalex.org/A5052449725,Davide Molteni,https://api.openalex.org/works?filter=author.id:A5052449725,6.0,23.0,IT
gian pietro picco,https://openalex.org/A5022068732,Gian Pietro Picco,https://api.openalex.org/works?filter=author.id:A5022068732,49.0,243.0,IT
michele tizzoni,https://openalex.org/A5059787882,Michele Tizzoni,https://api.openalex.org/works?filter=author.id:A5059787882,33.0,118.0,IT
callie clark,https://openalex.org/A5081342564,Callie Clark,https://api.openalex.org/works?filter=author.id:A5081342564,4.0,8.0,
xiyuan ren,https://openalex.org/A5037920323,Xiaoxu Ren,https://api.openalex.org/works?filter=author.id:A5037920323,11.0,78.0,CN
salsabil salah,https://openalex.org/A5103805258,Salsabil Salah,https://api.openalex.org/works?filter=author.id:A5103805258,1.0,1.0,
anne driscoll,https://openalex.org/A5050026032,Anne K. Driscoll,https://api.openalex.org/works?filter=author.id:A5050026032,35.0,77.0,
joseph chow,https://openalex.org/A5012661788,Joseph W. Chow,https://api.openalex.org/works?filter=author.id:A5012661788,42.0,90.0,US
sarah tell,https://openalex.org/A5057969700,Sarah Tell,https://api.openalex.org/works?filter=author.id:A5057969700,3.0,13.0,SE
moena hashimoto,https://openalex.org/A5105892330,Moena Hashimoto,https://api.openalex.org/works?filter=author.id:A5105892330,1.0,4.0,
kohei f. takeda,https://openalex.org/A5017981514,Kohei Takeda,https://api.openalex.org/works?filter=author.id:A5017981514,23.0,169.0,SG
ryuma shineha,https://openalex.org/A5028783703,Ryuma Shineha,https://api.openalex.org/works?filter=author.id:A5028783703,9.0,33.0,JP
akiko matsuo,https://openalex.org/A5022066530,Akiko Matsuo,https://api.openalex.org/works?filter=author.id:A5022066530,32.0,356.0,JP
kazutoshi sasahara,https://openalex.org/A5046036512,Kazutoshi Sasahara,https://api.openalex.org/works?filter=author.id:A5046036512,16.0,138.0,
xinyi zhao,https://openalex.org/A5042433819,Xinyi Zhao,https://api.openalex.org/works?filter=author.id:A5042433819,29.0,147.0,CN
cheng-ying wu,https://openalex.org/A5050453522,Cheng‐Ying Wu,https://api.openalex.org/works?filter=author.id:A5050453522,30.0,90.0,CN
edwin de jonge,https://openalex.org/A5070909977,Edwin de Jonge,https://api.openalex.org/works?filter=author.id:A5070909977,8.0,58.0,NL
karen van hedel,https://openalex.org/A5011484967,Karen van Hedel,https://api.openalex.org/works?filter=author.id:A5011484967,7.0,16.0,
alina herderich,https://openalex.org/A5017332030,Alina Herderich,https://api.openalex.org/works?filter=author.id:A5017332030,4.0,20.0,AT
amit goldenberg,https://openalex.org/A5025218700,Amit Goldenberg,https://api.openalex.org/works?filter=author.id:A5025218700,30.0,171.0,US
aniko biro,https://openalex.org/A5021991324,Anikó Bíró,https://api.openalex.org/works?filter=author.id:A5021991324,15.0,67.0,
ruiqing han,https://openalex.org/A5110552453,Rongxiang Han,https://api.openalex.org/works?filter=author.id:A5110552453,26.0,58.0,US
travis proulx,https://openalex.org/A5049074892,Travis Proulx,https://api.openalex.org/works?filter=author.id:A5049074892,27.0,81.0,
frenk van harreveld,https://openalex.org/A5038920997,Frenk van Harreveld,https://api.openalex.org/works?filter=author.id:A5038920997,37.0,188.0,NL
geoff haddock,https://openalex.org/A5048263971,Geoffrey Haddock,https://api.openalex.org/works?filter=author.id:A5048263971,36.0,145.0,GB
peidong mei,https://openalex.org/A5044421492,Peidong Mei,https://api.openalex.org/works?filter=author.id:A5044421492,2.0,9.0,GB
deborah n brewis,https://openalex.org/A5013072551,Deborah N. Brewis,https://api.openalex.org/works?filter=author.id:A5013072551,8.0,38.0,GB
fortune nwaiwu,https://openalex.org/A5033227248,Fortune Nwaiwu,https://api.openalex.org/works?filter=author.id:A5033227248,8.0,21.0,GB
deshan sumanathilaka,https://openalex.org/A5092142578,T.G.D.K. Sumanathilaka,https://api.openalex.org/works?filter=author.id:A5092142578,4.0,16.0,GB
fernando alva-manchego,https://openalex.org/A5078039217,Fernando Alva-Manchego,https://api.openalex.org/works?filter=author.id:A5078039217,12.0,44.0,GB
joanna demaree-cotton,https://openalex.org/A5006534173,Joanna Demaree‐Cotton,https://api.openalex.org/works?filter=author.id:A5006534173,8.0,18.0,GB
jia li,https://openalex.org/A5009049500,Li-Jia Li,https://api.openalex.org/works?filter=author.id:A5009049500,49.0,127.0,US
marten appel,https://openalex.org/A5113100067,Marten Appel,https://api.openalex.org/works?filter=author.id:A5113100067,1.0,1.0,DK
ingo zettler,https://openalex.org/A5073853084,Ingo Zettler,https://api.openalex.org/works?filter=author.id:A5073853084,51.0,234.0,DK
rosa ellen lavelle-hill,https://openalex.org/A5061629163,Rosa Lavelle-Hill,https://api.openalex.org/works?filter=author.id:A5061629163,8.0,35.0,DK
naitian zhou,https://openalex.org/A5065854593,Naitian Zhou,https://api.openalex.org/works?filter=author.id:A5065854593,3.0,10.0,
david bamman,https://openalex.org/A5058212934,David Bamman,https://api.openalex.org/works?filter=author.id:A5058212934,29.0,106.0,US
lasse mohr,https://openalex.org/A5051075106,Lasse Mohr,https://api.openalex.org/works?filter=author.id:A5051075106,1.0,2.0,
andreas bjerre-nielsen,https://openalex.org/A5058732791,Andreas Bjerre-Nielsen,https://api.openalex.org/works?filter=author.id:A5058732791,10.0,32.0,DK
lisette sibbald,https://openalex.org/A5094051240,Lisette Sibbald,https://api.openalex.org/works?filter=author.id:A5094051240,1.0,1.0,NL
inga schwabe,https://openalex.org/A5061914240,Inga Schwabe,https://api.openalex.org/works?filter=author.id:A5061914240,11.0,40.0,
marion i. van den heuvel,https://openalex.org/A5018067682,Marion I. van den Heuvel,https://api.openalex.org/works?filter=author.id:A5018067682,25.0,83.0,NL
xiancheng li,https://openalex.org/A5059905480,Liqun Yang,https://api.openalex.org/works?filter=author.id:A5059905480,34.0,304.0,GB
emanuela vaghi,https://openalex.org/A5116257168,Emanuela Vaghi,https://api.openalex.org/works?filter=author.id:A5116257168,0.0,1.0,IT
gabriella pasi,https://openalex.org/A5066756066,Gabriella Pasi,https://api.openalex.org/works?filter=author.id:A5066756066,38.0,484.0,IT
anna de simoni,https://openalex.org/A5091770864,Anna De Simoni,https://api.openalex.org/works?filter=author.id:A5091770864,23.0,100.0,GB
marco viviani,https://openalex.org/A5074645479,Marco Viviani,https://api.openalex.org/works?filter=author.id:A5074645479,24.0,137.0,IT
aviral chawla,https://openalex.org/A5034182754,A. Chawla,https://api.openalex.org/works?filter=author.id:A5034182754,6.0,17.0,US
jonathan st-onge,https://openalex.org/A5026024797,Jonathan St-Onge,https://api.openalex.org/works?filter=author.id:A5026024797,4.0,18.0,CA
laurent hébert-dufresne,https://openalex.org/A5035455593,Laurent Hébert‐Dufresne,https://api.openalex.org/works?filter=author.id:A5035455593,29.0,189.0,US
juniper l lovato,https://openalex.org/A5073688320,Juniper Lovato,https://api.openalex.org/works?filter=author.id:A5073688320,7.0,25.0,US
sam zhang,https://openalex.org/A5061970875,Sam Zhang,https://api.openalex.org/works?filter=author.id:A5061970875,70.0,669.0,CN
emilio zagheni,https://openalex.org/A5086453253,Emilio Zagheni,https://api.openalex.org/works?filter=author.id:A5086453253,35.0,207.0,DE
kara schechtman,https://openalex.org/A5047721170,Kara Schechtman,https://api.openalex.org/works?filter=author.id:A5047721170,1.0,1.0,US
hannah li,https://openalex.org/A5100391883,Wei Wang,https://api.openalex.org/works?filter=author.id:A5100391883,111.0,2539.0,CN
lydia t. liu,https://openalex.org/A5017596078,Lydia T. Liu,https://api.openalex.org/works?filter=author.id:A5017596078,7.0,29.0,US
angel hsing-chi hwang,https://openalex.org/A5085100954,Angel Hsing‐Chi Hwang,https://api.openalex.org/works?filter=author.id:A5085100954,10.0,44.0,
yao-yuan yang,https://openalex.org/A5049051580,Yaoyu Zhou,https://api.openalex.org/works?filter=author.id:A5049051580,106.0,352.0,CN
huilian sophie qiu,https://openalex.org/A5065212478,Huilian Sophie Qiu,https://api.openalex.org/works?filter=author.id:A5065212478,8.0,22.0,
gahyoun gim,https://openalex.org/A5101501249,Gahyoun Gim,https://api.openalex.org/works?filter=author.id:A5101501249,1.0,3.0,KR
sang hoon lee,https://openalex.org/A5111986650,Kyu Hwan Oh,https://api.openalex.org/works?filter=author.id:A5111986650,57.0,403.0,
joan giner-miguelez,https://openalex.org/A5082864285,Joan Giner-Miguelez,https://api.openalex.org/works?filter=author.id:A5082864285,4.0,13.0,ES
merce crosas,https://openalex.org/A5056421325,Mercè Crosas,https://api.openalex.org/works?filter=author.id:A5056421325,24.0,111.0,
shehryar subhani,https://openalex.org/A5109839341,Shazia Subhani,https://api.openalex.org/works?filter=author.id:A5109839341,17.0,30.0,AE
shahan ali memon,https://openalex.org/A5102962995,Munmun De Choudhury,https://api.openalex.org/works?filter=author.id:A5102962995,63.0,311.0,US
johannes wachs,https://openalex.org/A5070274437,Johannes Wachs,https://api.openalex.org/works?filter=author.id:A5070274437,15.0,78.0,HU
tianyi zhang,https://openalex.org/A5100437458,Tianyi Zhang,https://api.openalex.org/works?filter=author.id:A5100437458,33.0,184.0,CN
clara eminente,https://openalex.org/A5061086330,Clara Eminente,https://api.openalex.org/works?filter=author.id:A5061086330,1.0,2.0,
ljubica nedelkoska,https://openalex.org/A5036472423,Ljubica Nedelkoska,https://api.openalex.org/works?filter=author.id:A5036472423,8.0,27.0,
rafael prieto-curiel,https://openalex.org/A5016104509,Rafael Prieto-Curiel,https://api.openalex.org/works?filter=author.id:A5016104509,18.0,87.0,AT
yuliia kazmina,https://openalex.org/A5078117465,Yuliia Kazmina,https://api.openalex.org/works?filter=author.id:A5078117465,2.0,8.0,
frank w. takes,https://openalex.org/A5032475130,Frank W. Takes,https://api.openalex.org/works?filter=author.id:A5032475130,15.0,121.0,NL
eelke heemskerk,https://openalex.org/A5010373001,Eelke M. Heemskerk,https://api.openalex.org/works?filter=author.id:A5010373001,28.0,111.0,
jermain kaminski,https://openalex.org/A5063955285,Jermain Kaminski,https://api.openalex.org/works?filter=author.id:A5063955285,11.0,29.0,NL
yueran wang,https://openalex.org/A5065140782,Yueran Wang,https://api.openalex.org/works?filter=author.id:A5065140782,6.0,20.0,CN
yi zhao,https://openalex.org/A5000991048,Yi Zhao,https://api.openalex.org/works?filter=author.id:A5000991048,68.0,333.0,CN
yajun song,https://openalex.org/A5055435715,Yajun Song,https://api.openalex.org/works?filter=author.id:A5055435715,40.0,226.0,CN
young jin kim,https://openalex.org/A5100786285,Kwang S. Kim,https://api.openalex.org/works?filter=author.id:A5100786285,122.0,1113.0,KR
jungwoo lee,https://openalex.org/A5063313700,Deji Akinwande,https://api.openalex.org/works?filter=author.id:A5063313700,73.0,486.0,US
eunsoo sohn,https://openalex.org/A5061158667,Eunsoo Sohn,https://api.openalex.org/works?filter=author.id:A5061158667,8.0,25.0,KR
giovanni petri,https://openalex.org/A5061160911,Dirk Helbing,https://api.openalex.org/works?filter=author.id:A5061160911,100.0,743.0,CH
morten mørup,https://openalex.org/A5059840085,Morten Mørup,https://api.openalex.org/works?filter=author.id:A5059840085,31.0,210.0,US
philipp kessling,https://openalex.org/A5054002545,Philipp Kessling,https://api.openalex.org/works?filter=author.id:A5054002545,2.0,9.0,DE
felix victor münch,https://openalex.org/A5043088159,Felix Victor Münch,https://api.openalex.org/works?filter=author.id:A5043088159,5.0,26.0,
mattes ruckdeschel,https://openalex.org/A5093618408,Mattes Ruckdeschel,https://api.openalex.org/works?filter=author.id:A5093618408,1.0,10.0,
gregor wiedemann,https://openalex.org/A5068268204,Gregor Wiedemann,https://api.openalex.org/works?filter=author.id:A5068268204,14.0,95.0,
ane rahbek vierø,https://openalex.org/A5070868747,Ane Rahbek Vierø,https://api.openalex.org/works?filter=author.id:A5070868747,3.0,17.0,DK
kirsten krogh hansen,https://openalex.org/A5088086711,Karen Lee Hansen,https://api.openalex.org/works?filter=author.id:A5088086711,6.0,18.0,DK
robert fluegge,https://openalex.org/A5085091147,Robert B. Fluegge,https://api.openalex.org/works?filter=author.id:A5085091147,4.0,7.0,US
jens rupprecht,https://openalex.org/A5109918661,Jens Rupprecht,https://api.openalex.org/works?filter=author.id:A5109918661,17.0,27.0,DE
jiani yan,https://openalex.org/A5064805356,Junrong Yan,https://api.openalex.org/works?filter=author.id:A5064805356,21.0,124.0,CN
mark verhagen,https://openalex.org/A5000313412,Mark D. Verhagen,https://api.openalex.org/works?filter=author.id:A5000313412,11.0,39.0,GB
ann nowe,https://openalex.org/A5064553018,Ann Nowé,https://api.openalex.org/works?filter=author.id:A5064553018,42.0,619.0,BE
mario molina,https://openalex.org/A5103473790,Mario J. Molina,https://api.openalex.org/works?filter=author.id:A5103473790,82.0,368.0,US
luca maria pesando,https://openalex.org/A5016780363,Luca Maria Pesando,https://api.openalex.org/works?filter=author.id:A5016780363,16.0,58.0,AE
yuichiro nakai,https://openalex.org/A5066593729,Yuichiro Nakai,https://api.openalex.org/works?filter=author.id:A5066593729,28.0,162.0,CN
dean knox,https://openalex.org/A5087031929,Dean Knox,https://api.openalex.org/works?filter=author.id:A5087031929,15.0,120.0,US
jonathan mummolo,https://openalex.org/A5090394090,Jonathan Mummolo,https://api.openalex.org/works?filter=author.id:A5090394090,20.0,195.0,US
claire kelling,https://openalex.org/A5020125188,Claire Kelling,https://api.openalex.org/works?filter=author.id:A5020125188,6.0,21.0,
tarak shah,https://openalex.org/A5049016095,Eugene Wu,https://api.openalex.org/works?filter=author.id:A5049016095,34.0,241.0,TW
mark kennedy,https://openalex.org/A5040846333,Mark Kennedy,https://api.openalex.org/works?filter=author.id:A5040846333,24.0,192.0,GB
james p houghton,https://openalex.org/A5055538219,James P. Houghton,https://api.openalex.org/works?filter=author.id:A5055538219,3.0,11.0,
christian geiß,https://openalex.org/A5019520142,Christian Geiß,https://api.openalex.org/works?filter=author.id:A5019520142,24.0,120.0,DE
hannes taubenböck,https://openalex.org/A5046449632,Hannes Taubenböck,https://api.openalex.org/works?filter=author.id:A5046449632,51.0,483.0,DE
carsten schwemmer,https://openalex.org/A5041097650,Carsten Schwemmer,https://api.openalex.org/works?filter=author.id:A5041097650,15.0,657.0,
sebastian block,https://openalex.org/A5014829765,Steven Block,https://api.openalex.org/works?filter=author.id:A5014829765,25.0,74.0,GB
manuel holz,https://openalex.org/A5029472989,Manuel Holz,https://api.openalex.org/works?filter=author.id:A5029472989,4.0,11.0,DE
sandra jaworeck,https://openalex.org/A5005162423,Sandra Jaworeck,https://api.openalex.org/works?filter=author.id:A5005162423,2.0,5.0,DE
aakriti kumar,https://openalex.org/A5002490736,A. K. Tyagi,https://api.openalex.org/works?filter=author.id:A5002490736,68.0,741.0,IN
diyi yang,https://openalex.org/A5089413311,Diyi Yang,https://api.openalex.org/works?filter=author.id:A5089413311,46.0,357.0,US
bruce lambert,https://openalex.org/A5033897197,Bruce L. Lambert,https://api.openalex.org/works?filter=author.id:A5033897197,33.0,156.0,US
elena chechik,https://openalex.org/A5089735707,Елена Чечик,https://api.openalex.org/works?filter=author.id:A5089735707,2.0,12.0,
xinzhe li,https://openalex.org/A5082188402,Xinzhe Li,https://api.openalex.org/works?filter=author.id:A5082188402,41.0,156.0,CN
vinicius muraro,https://openalex.org/A5110977801,Vinicius Muraro,https://api.openalex.org/works?filter=author.id:A5110977801,2.0,5.0,BR
katie spoon,https://openalex.org/A5092002730,Katie Spoon,https://api.openalex.org/works?filter=author.id:A5092002730,3.0,9.0,US
iuliia alieva,https://openalex.org/A5000600927,Iuliia Alieva,https://api.openalex.org/works?filter=author.id:A5000600927,6.0,9.0,US
filippo zimmaro,https://openalex.org/A5080973755,Filippo Zimmaro,https://api.openalex.org/works?filter=author.id:A5080973755,3.0,15.0,IT
juan pablo bascur,https://openalex.org/A5065022263,Juan Pablo Bascur,https://api.openalex.org/works?filter=author.id:A5065022263,3.0,14.0,NL
lucila gisele alvarez zuzek,https://openalex.org/A5021609298,Lucila G. Alvarez-Zuzek,https://api.openalex.org/works?filter=author.id:A5021609298,8.0,16.0,IT
vincent traag,https://openalex.org/A5070433540,Vincent Traag,https://api.openalex.org/works?filter=author.id:A5070433540,24.0,123.0,NL
bendegúz váradi,https://openalex.org/A5092353461,Bendegúz Váradi,https://api.openalex.org/works?filter=author.id:A5092353461,1.0,2.0,HU
emese bata,https://openalex.org/A5119408634,Emese Bata,https://api.openalex.org/works?filter=author.id:A5119408634,0.0,2.0,HU
daniel cowen,https://openalex.org/A5110391597,Daniel S. Cowen,https://api.openalex.org/works?filter=author.id:A5110391597,23.0,39.0,CA
andreas flache,https://openalex.org/A5055990297,Andreas Flache,https://api.openalex.org/works?filter=author.id:A5055990297,41.0,235.0,NL
vincenz frey,https://openalex.org/A5022243966,Vincenz Frey,https://api.openalex.org/works?filter=author.id:A5022243966,10.0,25.0,
tobias stark,https://openalex.org/A5000979874,Tobias Stark,https://api.openalex.org/works?filter=author.id:A5000979874,21.0,139.0,NL
ji eun kim,https://openalex.org/A5100412989,Ji‐Eun Kim,https://api.openalex.org/works?filter=author.id:A5100412989,50.0,327.0,KR
sangmi kim,https://openalex.org/A5010311977,Sangmi Kim,https://api.openalex.org/works?filter=author.id:A5010311977,17.0,105.0,US
sjoerd b. stolwijk,https://openalex.org/A5030777977,Sjoerd Stolwijk,https://api.openalex.org/works?filter=author.id:A5030777977,5.0,15.0,CA
josephine lukito,https://openalex.org/A5063065481,Josephine Lukito,https://api.openalex.org/works?filter=author.id:A5063065481,19.0,62.0,
maggie macdonald,https://openalex.org/A5102925288,Margaret Y. MacDonald,https://api.openalex.org/works?filter=author.id:A5102925288,16.0,80.0,CA
cameron hickey,https://openalex.org/A5052819202,Chelsea Rohlfs,https://api.openalex.org/works?filter=author.id:A5052819202,8.0,15.0,US
kaitlyn dowling,https://openalex.org/A5108353438,K. Dowling,https://api.openalex.org/works?filter=author.id:A5108353438,6.0,12.0,US
myra miranda,https://openalex.org/A5016557745,Myra Miranda Bom,https://api.openalex.org/works?filter=author.id:A5016557745,1.0,21.0,
paolo cornale,https://openalex.org/A5038775913,Paolo Cornale,https://api.openalex.org/works?filter=author.id:A5038775913,14.0,76.0,IT
michele tizzani,https://openalex.org/A5044719894,Michele Tizzani,https://api.openalex.org/works?filter=author.id:A5044719894,10.0,28.0,IT
fabio ciulla,https://openalex.org/A5011773766,Fabio Ciulla,https://api.openalex.org/works?filter=author.id:A5011773766,8.0,30.0,US
daniela paolotti,https://openalex.org/A5025218537,Vittoria Colizza,https://api.openalex.org/works?filter=author.id:A5025218537,60.0,274.0,FR
ayan-yue gupta,https://openalex.org/A5058457102,Ayan-Yue Gupta,https://api.openalex.org/works?filter=author.id:A5058457102,2.0,22.0,GB
massimo airoldi,https://openalex.org/A5072378604,Massimo Airoldi,https://api.openalex.org/works?filter=author.id:A5072378604,8.0,42.0,IT
raffaele vacca,https://openalex.org/A5081149419,Raffaele Vacca,https://api.openalex.org/works?filter=author.id:A5081149419,16.0,50.0,IT
nicole schwitter,https://openalex.org/A5086210260,Nicole Schwitter,https://api.openalex.org/works?filter=author.id:A5086210260,5.0,38.0,
leonard wendering,https://openalex.org/A5118397350,Leonard Wendering,https://api.openalex.org/works?filter=author.id:A5118397350,1.0,7.0,
julia szamely,https://openalex.org/A5002912874,Júlia Számely,https://api.openalex.org/works?filter=author.id:A5002912874,2.0,4.0,AT
christoph müller,https://openalex.org/A5100762441,Christoph Müller,https://api.openalex.org/works?filter=author.id:A5100762441,94.0,664.0,IE
carolina coimbra vieira,https://openalex.org/A5072186861,Carolina Coimbra Vieira,https://api.openalex.org/works?filter=author.id:A5072186861,6.0,25.0,
victoria di césare,https://openalex.org/A5028211892,Victoria Di Césare,https://api.openalex.org/works?filter=author.id:A5028211892,1.0,12.0,AR
fanxi he,https://openalex.org/A5061228091,Fanxi He,https://api.openalex.org/works?filter=author.id:A5061228091,1.0,1.0,CN
daniel molitor,https://openalex.org/A5055808555,Daniel Molitor,https://api.openalex.org/works?filter=author.id:A5055808555,23.0,82.0,LU
ian lundberg,https://openalex.org/A5071725999,Ian Lundberg,https://api.openalex.org/works?filter=author.id:A5071725999,10.0,200.0,US
samantha gold,https://openalex.org/A5077416098,Samantha Gold,https://api.openalex.org/works?filter=author.id:A5077416098,3.0,4.0,US
alessia galdeman,https://openalex.org/A5052788698,Alessia Galdeman,https://api.openalex.org/works?filter=author.id:A5052788698,5.0,15.0,IT
edoardo maggioni,https://openalex.org/A5030915724,Edoardo Mampreso,https://api.openalex.org/works?filter=author.id:A5030915724,12.0,30.0,IT
diego garlaschelli,https://openalex.org/A5041273626,Diego Garlaschelli,https://api.openalex.org/works?filter=author.id:A5041273626,37.0,227.0,KR
rossana mastrandrea,https://openalex.org/A5058144931,Rossana Mastrandrea,https://api.openalex.org/works?filter=author.id:A5058144931,13.0,45.0,IT
seeun kim,https://openalex.org/A5005014512,Seeun Kim,https://api.openalex.org/works?filter=author.id:A5005014512,18.0,93.0,KR
li zeng,https://openalex.org/A5067906949,Dali Zeng,https://api.openalex.org/works?filter=author.id:A5067906949,56.0,213.0,CN
sijia ma,https://openalex.org/A5036476234,Sheng Ma,https://api.openalex.org/works?filter=author.id:A5036476234,23.0,72.0,CN
cai yang,https://openalex.org/A5047336918,Yangjian Cai,https://api.openalex.org/works?filter=author.id:A5047336918,69.0,749.0,AU
sepehr mousavi,https://openalex.org/A5064624426,Sepehr Mousavi,https://api.openalex.org/works?filter=author.id:A5064624426,10.0,19.0,IR
abhisek dash,https://openalex.org/A5046983868,Abhisek Dash,https://api.openalex.org/works?filter=author.id:A5046983868,5.0,39.0,
krishna p. gummadi,https://openalex.org/A5067688305,Krishna P. Gummadi,https://api.openalex.org/works?filter=author.id:A5067688305,69.0,291.0,DE
veronika batzdorfer,https://openalex.org/A5077513889,Veronika Batzdorfer,https://api.openalex.org/works?filter=author.id:A5077513889,4.0,16.0,DE
trisevgeni papakonstantinou,https://openalex.org/A5008373524,Trisevgeni Papakonstantinou,https://api.openalex.org/works?filter=author.id:A5008373524,3.0,20.0,KR
antonina zhiteneva,https://openalex.org/A5120126331,Antonina Zhiteneva,https://api.openalex.org/works?filter=author.id:A5120126331,0.0,2.0,
ana ma,https://openalex.org/A5007296816,Michael A. Borger,https://api.openalex.org/works?filter=author.id:A5007296816,113.0,1208.0,DE
derek powell,https://openalex.org/A5056166213,Derek Powell,https://api.openalex.org/works?filter=author.id:A5056166213,21.0,67.0,US
zachary horne,https://openalex.org/A5050716607,Zachary Horne,https://api.openalex.org/works?filter=author.id:A5050716607,14.0,80.0,US
rachith aiyappa,https://openalex.org/A5010544062,Rachith Aiyappa,https://api.openalex.org/works?filter=author.id:A5010544062,2.0,4.0,
alessandro flammini,https://openalex.org/A5011228873,Alessandro Flammini,https://api.openalex.org/works?filter=author.id:A5011228873,61.0,243.0,US
dylan thurgood,https://openalex.org/A5121671024,Dylan Thurgood,https://api.openalex.org/works?filter=author.id:A5121671024,0.0,2.0,
diyi liu,https://openalex.org/A5089413311,Diyi Yang,https://api.openalex.org/works?filter=author.id:A5089413311,46.0,357.0,US
ralph schroeder,https://openalex.org/A5067625837,Ralph Schroeder,https://api.openalex.org/works?filter=author.id:A5067625837,48.0,283.0,US
scott a. hale,https://openalex.org/A5029882049,Scott A. Hale,https://api.openalex.org/works?filter=author.id:A5029882049,29.0,208.0,GB
manoel horta ribeiro,https://openalex.org/A5011195481,Manoel Horta Ribeiro,https://api.openalex.org/works?filter=author.id:A5011195481,18.0,123.0,
paul röttger,https://openalex.org/A5050023117,Paul Röttger,https://api.openalex.org/works?filter=author.id:A5050023117,11.0,71.0,IT
cornelius puschmann,https://openalex.org/A5051642685,Cornelius Puschmann,https://api.openalex.org/works?filter=author.id:A5051642685,28.0,111.0,DE
lisa merten,https://openalex.org/A5066342421,L. Merten,https://api.openalex.org/works?filter=author.id:A5066342421,19.0,86.0,
katrin weller,https://openalex.org/A5030588092,Katrin Weller,https://api.openalex.org/works?filter=author.id:A5030588092,21.0,115.0,
julia de miguel velázquez,https://openalex.org/A5111341494,Julia De Miguel Velázquez,https://api.openalex.org/works?filter=author.id:A5111341494,1.0,3.0,GB
andrés gvirtz,https://openalex.org/A5108018053,Andrés Gvirtz,https://api.openalex.org/works?filter=author.id:A5108018053,6.0,20.0,GB
sanja scepanovic,https://openalex.org/A5038043083,Sanja Šćepanović,https://api.openalex.org/works?filter=author.id:A5038043083,13.0,95.0,FI
daniele quercia,https://openalex.org/A5081008532,Daniele Quercia,https://api.openalex.org/works?filter=author.id:A5081008532,43.0,291.0,IT
joel mire,https://openalex.org/A5065830601,Joel Mire,https://api.openalex.org/works?filter=author.id:A5065830601,2.0,6.0,
andrew piper,https://openalex.org/A5027417114,Andrew Piper,https://api.openalex.org/works?filter=author.id:A5027417114,14.0,176.0,CA
steven r wilson,https://openalex.org/A5055973075,Steven R. Wilson,https://api.openalex.org/works?filter=author.id:A5055973075,37.0,243.0,US
zexin ma,https://openalex.org/A5054854113,Zexin Ma,https://api.openalex.org/works?filter=author.id:A5054854113,14.0,54.0,
maarten sap,https://openalex.org/A5015128745,Maarten Sap,https://api.openalex.org/works?filter=author.id:A5015128745,35.0,188.0,
ákos huszár,https://openalex.org/A5054348632,Ákos Huszár,https://api.openalex.org/works?filter=author.id:A5054348632,6.0,35.0,US
zsófia rakovics,https://openalex.org/A5090107603,Zsófia Rakovics,https://api.openalex.org/works?filter=author.id:A5090107603,3.0,7.0,HU
kata számel,https://openalex.org/A5119148931,Kata Számel,https://api.openalex.org/works?filter=author.id:A5119148931,0.0,2.0,HU
michelle horváth,https://openalex.org/A5112095509,Mike Horvath,https://api.openalex.org/works?filter=author.id:A5112095509,2.0,5.0,HU
szilvia rudas,https://openalex.org/A5113279801,Szilvia Rudas,https://api.openalex.org/works?filter=author.id:A5113279801,2.0,4.0,HU
igor ryazanov,https://openalex.org/A5050851889,Igor Ryazanov,https://api.openalex.org/works?filter=author.id:A5050851889,3.0,7.0,RU
carl öhman,https://openalex.org/A5074193638,Carl Öhman,https://api.openalex.org/works?filter=author.id:A5074193638,9.0,33.0,SE
johanna björklund,https://openalex.org/A5102873173,Johanna Björklund,https://api.openalex.org/works?filter=author.id:A5102873173,15.0,43.0,SE
samantha d'alonzo,https://openalex.org/A5025259559,Samantha D'Alonzo,https://api.openalex.org/works?filter=author.id:A5025259559,3.0,4.0,US
rachel chen,https://openalex.org/A5054791973,Debbie A. Lawlor,https://api.openalex.org/works?filter=author.id:A5054791973,174.0,2106.0,GB
melody yu,https://openalex.org/A5026281078,Mingchuan Yu,https://api.openalex.org/works?filter=author.id:A5026281078,20.0,62.0,CN
ivory yang,https://openalex.org/A5073270600,In Seok Yang,https://api.openalex.org/works?filter=author.id:A5073270600,15.0,34.0,
weicheng ma,https://openalex.org/A5101895104,Weicheng Ma,https://api.openalex.org/works?filter=author.id:A5101895104,8.0,46.0,CN
martin saveski,https://openalex.org/A5082294805,Martin Saveski,https://api.openalex.org/works?filter=author.id:A5082294805,10.0,34.0,
soroush vosoughi,https://openalex.org/A5035399743,Soroush Vosoughi,https://api.openalex.org/works?filter=author.id:A5035399743,23.0,212.0,US
nabeel gillani,https://openalex.org/A5015797850,Nabeel Gillani,https://api.openalex.org/works?filter=author.id:A5015797850,9.0,41.0,US
emily k mckinley,https://openalex.org/A5116848485,Emily K McKinley,https://api.openalex.org/works?filter=author.id:A5116848485,0.0,5.0,US
yoo jung oh,https://openalex.org/A5050834827,Yoo Jung Oh,https://api.openalex.org/works?filter=author.id:A5050834827,10.0,43.0,US
jingwen zhang,https://openalex.org/A5100448217,Li Song,https://api.openalex.org/works?filter=author.id:A5100448217,142.0,1448.0,CN
narayani vedam,https://openalex.org/A5089004540,Narayani Vedam,https://api.openalex.org/works?filter=author.id:A5089004540,2.0,3.0,IN
prasanta bhattacharya,https://openalex.org/A5073016286,Pallab Bhattacharya,https://api.openalex.org/works?filter=author.id:A5073016286,35.0,162.0,IN
florian meier,https://openalex.org/A5100624179,Florian Meier,https://api.openalex.org/works?filter=author.id:A5100624179,34.0,91.0,RU
sepideh bazazi,https://openalex.org/A5008389022,Iain D. Couzin,https://api.openalex.org/works?filter=author.id:A5008389022,76.0,291.0,DE
jurgis karpus,https://openalex.org/A5055087288,Jurgis Karpus,https://api.openalex.org/works?filter=author.id:A5055087288,6.0,18.0,DE
timo damm,https://openalex.org/A5034315722,Timo Damm,https://api.openalex.org/works?filter=author.id:A5034315722,13.0,57.0,DE
adiba mahbub proma,https://openalex.org/A5011112366,Adiba Mahbub Proma,https://api.openalex.org/works?filter=author.id:A5011112366,2.0,12.0,
neeley pate,https://openalex.org/A5123704730,Neeley Pate,https://api.openalex.org/works?filter=author.id:A5123704730,0.0,2.0,
raiyan abdul baten,https://openalex.org/A5038144794,Raiyan Abdul Baten,https://api.openalex.org/works?filter=author.id:A5038144794,5.0,29.0,US
sifeng chen,https://openalex.org/A5086264524,William W. Hauswirth,https://api.openalex.org/works?filter=author.id:A5086264524,95.0,662.0,US
james druckman,https://openalex.org/A5063647785,James Druckman,https://api.openalex.org/works?filter=author.id:A5063647785,75.0,621.0,US
gourab ghoshal,https://openalex.org/A5052965447,Gourab Ghoshal,https://api.openalex.org/works?filter=author.id:A5052965447,24.0,104.0,US
ehsan hoque,https://openalex.org/A5106184792,Mohammed Ehsan Hoque,https://api.openalex.org/works?filter=author.id:A5106184792,21.0,66.0,
luke stephens,https://openalex.org/A5063911718,Moira Tait,https://api.openalex.org/works?filter=author.id:A5063911718,5.0,8.0,GB
lauren rogers,https://openalex.org/A5014095574,Sally J. Rogers,https://api.openalex.org/works?filter=author.id:A5014095574,113.0,953.0,US
damian trilling,https://openalex.org/A5071797963,Damian Trilling,https://api.openalex.org/works?filter=author.id:A5071797963,28.0,124.0,NL
andrew halterman,https://openalex.org/A5021564671,Andrew Halterman,https://api.openalex.org/works?filter=author.id:A5021564671,2.0,3.0,US
piyush ghasiya,https://openalex.org/A5042644425,Piyush Ghasiya,https://api.openalex.org/works?filter=author.id:A5042644425,6.0,23.0,
samuel pearson,https://openalex.org/A5028476678,Samuel Pearson,https://api.openalex.org/works?filter=author.id:A5028476678,16.0,48.0,DE
matthew hornsey,https://openalex.org/A5021448872,Matthew J. Hornsey,https://api.openalex.org/works?filter=author.id:A5021448872,68.0,333.0,AU
christian bretter,https://openalex.org/A5040974704,Christian Bretter,https://api.openalex.org/works?filter=author.id:A5040974704,10.0,32.0,AU
aimee smith,https://openalex.org/A5101494984,Aimee W. Smith,https://api.openalex.org/works?filter=author.id:A5101494984,15.0,52.0,IE
belinda wade,https://openalex.org/A5038850161,Belinda Wade,https://api.openalex.org/works?filter=author.id:A5038850161,12.0,40.0,AU
saphira rekker,https://openalex.org/A5089310000,Saphira Rekker,https://api.openalex.org/works?filter=author.id:A5089310000,12.0,40.0,AU
jarren nylund,https://openalex.org/A5092587955,Jarren L. Nylund,https://api.openalex.org/works?filter=author.id:A5092587955,2.0,9.0,AU
ariel flint ashery,https://openalex.org/A5114285271,Ariel Flint Ashery,https://api.openalex.org/works?filter=author.id:A5114285271,1.0,2.0,US
muhua huang,https://openalex.org/A5063441605,Muhua Huang,https://api.openalex.org/works?filter=author.id:A5063441605,15.0,45.0,CN
pablo biedma,https://openalex.org/A5095839226,Pablo Biedma,https://api.openalex.org/works?filter=author.id:A5095839226,0.0,1.0,
xiaoyuan yi,https://openalex.org/A5026595284,Xiaoyuan Yi,https://api.openalex.org/works?filter=author.id:A5026595284,4.0,14.0,CN
linus huang,https://openalex.org/A5019278466,Lei Huang,https://api.openalex.org/works?filter=author.id:A5019278466,45.0,263.0,CN
maosong sun,https://openalex.org/A5046448314,Maosong Sun,https://api.openalex.org/works?filter=author.id:A5046448314,84.0,830.0,CN
xing xie,https://openalex.org/A5081376690,Xing Xie,https://api.openalex.org/works?filter=author.id:A5081376690,51.0,216.0,CN
ashley young,https://openalex.org/A5072015577,Ashley D. Young,https://api.openalex.org/works?filter=author.id:A5072015577,9.0,11.0,AU
susumu nagayama,https://openalex.org/A5012197691,Susumu Nagayama,https://api.openalex.org/works?filter=author.id:A5012197691,5.0,5.0,JP
hitoshi mitsuhashi,https://openalex.org/A5087885407,Joel A. C. Baum,https://api.openalex.org/works?filter=author.id:A5087885407,55.0,264.0,CA
samantha dies,https://openalex.org/A5107589438,Samantha Dies,https://api.openalex.org/works?filter=author.id:A5107589438,0.0,1.0,
huaxia zhou,https://openalex.org/A5065023939,Holly Zhou,https://api.openalex.org/works?filter=author.id:A5065023939,21.0,53.0,CN
luis a. nunes amaral,https://openalex.org/A5073544378,Luı́s A. Nunes Amaral,https://api.openalex.org/works?filter=author.id:A5073544378,79.0,371.0,US
anna thoma,https://openalex.org/A5031351421,Anna Thoma,https://api.openalex.org/works?filter=author.id:A5031351421,1.0,1.0,
mathieu génois,https://openalex.org/A5032539868,Mathieu Génois,https://api.openalex.org/works?filter=author.id:A5032539868,11.0,38.0,FR
elisa klüger,https://openalex.org/A5076251583,Elisa Klüger,https://api.openalex.org/works?filter=author.id:A5076251583,5.0,21.0,FR
fabian tschofenig,https://openalex.org/A5092825154,Fabian Tschofenig,https://api.openalex.org/works?filter=author.id:A5092825154,2.0,6.0,AT
lorenzo nemati fard,https://openalex.org/A5096942815,Lorenzo Amir Nemati Fard,https://api.openalex.org/works?filter=author.id:A5096942815,2.0,4.0,
alberto bisin,https://openalex.org/A5050312988,Alberto Bisin,https://api.openalex.org/works?filter=author.id:A5050312988,39.0,201.0,GB
michele starnini,https://openalex.org/A5016371653,Michele Starnini,https://api.openalex.org/works?filter=author.id:A5016371653,24.0,90.0,IT
emanuel wittberg,https://openalex.org/A5007241438,Emanuel Wittberg,https://api.openalex.org/works?filter=author.id:A5007241438,5.0,22.0,SE
maria brandén,https://openalex.org/A5022660208,Maria Brandén,https://api.openalex.org/works?filter=author.id:A5022660208,20.0,63.0,SE
richard öhrvall,https://openalex.org/A5045466222,Richard Öhrvall,https://api.openalex.org/works?filter=author.id:A5045466222,12.0,65.0,SE
sarah bohnensteffen,https://openalex.org/A5050185892,Sarah Bohnensteffen,https://api.openalex.org/works?filter=author.id:A5050185892,0.0,1.0,
yuanyi zhen,https://openalex.org/A5029414400,Yuanyi Zhen,https://api.openalex.org/works?filter=author.id:A5029414400,4.0,7.0,
thomas robiglio,https://openalex.org/A5052543412,Thomas Robiglio,https://api.openalex.org/works?filter=author.id:A5052543412,3.0,6.0,AT
martina contisciani,https://openalex.org/A5028622827,Martina Contisciani,https://api.openalex.org/works?filter=author.id:A5028622827,7.0,19.0,DE
tiago p. peixoto,https://openalex.org/A5022414084,Tiago P. Peixoto,https://api.openalex.org/works?filter=author.id:A5022414084,26.0,82.0,AT
thomas h. li,https://openalex.org/A5025981159,Thomas C. W. Mak,https://api.openalex.org/works?filter=author.id:A5025981159,83.0,1644.0,CN
marcel moran,https://openalex.org/A5066172157,Marcelo Calderón,https://api.openalex.org/works?filter=author.id:A5066172157,47.0,212.0,ES
malik salman,https://openalex.org/A5016044914,I. Ravasenga,https://api.openalex.org/works?filter=author.id:A5016044914,51.0,345.0,NL
yueying chu,https://openalex.org/A5100401280,Feng Zhang,https://api.openalex.org/works?filter=author.id:A5100401280,64.0,742.0,CN
yunhao cai,https://openalex.org/A5013137095,Yunhao Cai,https://api.openalex.org/works?filter=author.id:A5013137095,38.0,89.0,NO
peng liu,https://openalex.org/A5021833788,Peng Liu,https://api.openalex.org/works?filter=author.id:A5021833788,84.0,572.0,CN
yan asadchy,https://openalex.org/A5093939343,Yan Asadchy,https://api.openalex.org/works?filter=author.id:A5093939343,2.0,3.0,
renata topinkova,https://openalex.org/A5019962493,Renáta Topinková,https://api.openalex.org/works?filter=author.id:A5019962493,3.0,13.0,CZ
tomas ruiz,https://openalex.org/A5088136048,T. Ruiz-Lara,https://api.openalex.org/works?filter=author.id:A5088136048,33.0,123.0,ES
jiyoung lee,https://openalex.org/A5100447435,Jiyoung Lee,https://api.openalex.org/works?filter=author.id:A5100447435,41.0,252.0,US
christopher michael dobmeier,https://openalex.org/A5120897861,Christopher Michael Dobmeier,https://api.openalex.org/works?filter=author.id:A5120897861,0.0,1.0,
minji heo,https://openalex.org/A5083439440,Minji Heo,https://api.openalex.org/works?filter=author.id:A5083439440,1.0,1.0,KR
simon s. woo,https://openalex.org/A5033106393,Simon S. Woo,https://api.openalex.org/works?filter=author.id:A5033106393,25.0,244.0,KR
laura kurek,https://openalex.org/A5034880843,Laura Kurek,https://api.openalex.org/works?filter=author.id:A5034880843,2.0,4.0,
eric gilbert,https://openalex.org/A5024795472,Éric Gilbert,https://api.openalex.org/works?filter=author.id:A5024795472,55.0,210.0,US
jemima kang,https://openalex.org/A5047944229,Jemima Kang,https://api.openalex.org/works?filter=author.id:A5047944229,3.0,8.0,AU
mike conway,https://openalex.org/A5082051013,Mike Conway,https://api.openalex.org/works?filter=author.id:A5082051013,31.0,220.0,AU
nuo chen,https://openalex.org/A5100740160,Nuo Chen,https://api.openalex.org/works?filter=author.id:A5100740160,16.0,125.0,TH
qixuan zhao,https://openalex.org/A5080977078,Qixuan Zhao,https://api.openalex.org/works?filter=author.id:A5080977078,9.0,26.0,CA
maximilian bergmann,https://openalex.org/A5035108883,Maximilian Bergmann,https://api.openalex.org/works?filter=author.id:A5035108883,3.0,15.0,CH
sarah marie müller,https://openalex.org/A5054380585,Sarah Marie Müller,https://api.openalex.org/works?filter=author.id:A5054380585,2.0,8.0,CH
mirjam stieger,https://openalex.org/A5048615562,Mirjam Stieger,https://api.openalex.org/works?filter=author.id:A5048615562,15.0,43.0,CH
mathias allemand,https://openalex.org/A5071470205,Mathias Allemand,https://api.openalex.org/works?filter=author.id:A5071470205,45.0,227.0,CH
zou yang,https://openalex.org/A5037009852,Yang Zou,https://api.openalex.org/works?filter=author.id:A5037009852,40.0,111.0,CN
seung hee lee,https://openalex.org/A5100605178,Seung Hee Lee,https://api.openalex.org/works?filter=author.id:A5100605178,51.0,516.0,IN
julia r. koehler,https://openalex.org/A5013502953,Julia Koehler,https://api.openalex.org/works?filter=author.id:A5013502953,8.0,20.0,US
amiremad ghassami,https://openalex.org/A5078609284,AmirEmad Ghassami,https://api.openalex.org/works?filter=author.id:A5078609284,11.0,66.0,
sabin roman,https://openalex.org/A5073010651,Sabin Roman,https://api.openalex.org/works?filter=author.id:A5073010651,8.0,21.0,SI
ryoma adachi,https://openalex.org/A5040234749,Marcelo Ryoma Adachi,https://api.openalex.org/works?filter=author.id:A5040234749,1.0,1.0,BR
yusuke miyake,https://openalex.org/A5069676139,Yusuke Miyake,https://api.openalex.org/works?filter=author.id:A5069676139,12.0,78.0,JP
shalmoli ghosh,https://openalex.org/A5004544456,Shalmoli Ghosh,https://api.openalex.org/works?filter=author.id:A5004544456,3.0,6.0,IN
matthew deverna,https://openalex.org/A5070356107,Matthew DeVerna,https://api.openalex.org/works?filter=author.id:A5070356107,9.0,278.0,US
katinka den nijs,https://openalex.org/A5098486972,Katinka den Nijs,https://api.openalex.org/works?filter=author.id:A5098486972,1.0,1.0,NL
pantelis p. analytis,https://openalex.org/A5080193434,Pantelis P. Analytis,https://api.openalex.org/works?filter=author.id:A5080193434,10.0,51.0,DK
minsu park,https://openalex.org/A5013939121,Seokwoo Jeon,https://api.openalex.org/works?filter=author.id:A5013939121,65.0,288.0,TH
johannes müller-trede,https://openalex.org/A5011996396,Johannes Müller‐Trede,https://api.openalex.org/works?filter=author.id:A5011996396,10.0,26.0,FR
ariella kristal,https://openalex.org/A5039705639,Ariella Kristal,https://api.openalex.org/works?filter=author.id:A5039705639,6.0,37.0,US
hayley blunden,https://openalex.org/A5084222212,Nour Kteily,https://api.openalex.org/works?filter=author.id:A5084222212,38.0,174.0,CA
ashley whillans,https://openalex.org/A5031735105,Ashley V. Whillans,https://api.openalex.org/works?filter=author.id:A5031735105,29.0,142.0,US
alex berke,https://openalex.org/A5007875216,Alex Berke,https://api.openalex.org/works?filter=author.id:A5007875216,10.0,36.0,US
alex pentland,https://openalex.org/A5007176508,Alex Pentland,https://api.openalex.org/works?filter=author.id:A5007176508,121.0,1001.0,RU
kent larson,https://openalex.org/A5014640639,Kent Larson,https://api.openalex.org/works?filter=author.id:A5014640639,22.0,142.0,ES
dana calacci,https://openalex.org/A5014881285,Dan Calacci,https://api.openalex.org/works?filter=author.id:A5014881285,9.0,35.0,US
yinuo xu,https://openalex.org/A5013469439,Zhi Su,https://api.openalex.org/works?filter=author.id:A5013469439,45.0,335.0,CN
hong chen,https://openalex.org/A5100420388,Hong Chen,https://api.openalex.org/works?filter=author.id:A5100420388,82.0,1202.0,CN
sushrita rakshit,https://openalex.org/A5099137399,Sushrita Rakshit,https://api.openalex.org/works?filter=author.id:A5099137399,1.0,5.0,
omkar yadav,https://openalex.org/A5017115713,Omkar Yadav,https://api.openalex.org/works?filter=author.id:A5017115713,6.0,44.0,IN
mingqian zheng,https://openalex.org/A5024099895,Mingqian Zheng,https://api.openalex.org/works?filter=author.id:A5024099895,3.0,8.0,
michael jiang,https://openalex.org/A5114994797,Ying Wang,https://api.openalex.org/works?filter=author.id:A5114994797,105.0,1496.0,CN
lechen zhang,https://openalex.org/A5079952957,Lechen Zhang,https://api.openalex.org/works?filter=author.id:A5079952957,8.0,32.0,FI
bowen yi,https://openalex.org/A5009398155,Bowen Yi,https://api.openalex.org/works?filter=author.id:A5009398155,29.0,80.0,CN
kenan alkiek,https://openalex.org/A5003579515,Kenan Alkiek,https://api.openalex.org/works?filter=author.id:A5003579515,2.0,6.0,
abraham israeli,https://openalex.org/A5068763840,A Israeli,https://api.openalex.org/works?filter=author.id:A5068763840,20.0,109.0,
bangzhao shu,https://openalex.org/A5110786764,Bangzhao Shu,https://api.openalex.org/works?filter=author.id:A5110786764,1.0,7.0,
hua shen,https://openalex.org/A5006294869,Chunhua Shen,https://api.openalex.org/works?filter=author.id:A5006294869,121.0,853.0,CN
jiaxin pei,https://openalex.org/A5049055745,Jiaxin Pei,https://api.openalex.org/works?filter=author.id:A5049055745,11.0,44.0,CN
haotian zhang,https://openalex.org/A5100456227,Yan Zhang,https://api.openalex.org/works?filter=author.id:A5100456227,86.0,2790.0,CN
florian bolenz,https://openalex.org/A5111501534,Maximilian Burger,https://api.openalex.org/works?filter=author.id:A5111501534,62.0,522.0,DE
yujia yang,https://openalex.org/A5044723722,Yujia Yang,https://api.openalex.org/works?filter=author.id:A5044723722,25.0,186.0,CN
kevin tiede,https://openalex.org/A5090759530,Kevin E. Tiede,https://api.openalex.org/works?filter=author.id:A5090759530,6.0,18.0,DE
stefano palminteri,https://openalex.org/A5028199267,Stefano Palminteri,https://api.openalex.org/works?filter=author.id:A5028199267,37.0,191.0,FR
gianluca nogara,https://openalex.org/A5047040090,Gianluca Nogara,https://api.openalex.org/works?filter=author.id:A5047040090,5.0,16.0,CH
enrico verdolotti,https://openalex.org/A5116269664,Enrico Verdolotti,https://api.openalex.org/works?filter=author.id:A5116269664,1.0,2.0,CH
silvia giordano,https://openalex.org/A5059509038,Silvia Giordano,https://api.openalex.org/works?filter=author.id:A5059509038,77.0,588.0,CH
shuhei kurizaki,https://openalex.org/A5010677626,Shuhei Kurizaki,https://api.openalex.org/works?filter=author.id:A5010677626,6.0,12.0,JP
claudia acciai,https://openalex.org/A5060256587,Claudia Acciai,https://api.openalex.org/works?filter=author.id:A5060256587,5.0,17.0,DK
natalie schroyens,https://openalex.org/A5087293181,Natalie Schroyens,https://api.openalex.org/works?filter=author.id:A5087293181,9.0,36.0,US
mathias wullum nielsen,https://openalex.org/A5064171835,Mathias Wullum Nielsen,https://api.openalex.org/works?filter=author.id:A5064171835,22.0,92.0,DK
cameron lai,https://openalex.org/A5019218689,Cameron Lai,https://api.openalex.org/works?filter=author.id:A5019218689,2.0,8.0,JP
li-huan shen,https://openalex.org/A5100673667,Shi‐Gang Sun,https://api.openalex.org/works?filter=author.id:A5100673667,114.0,1013.0,CN
sabina j tomkins,https://openalex.org/A5046305810,Sabina Tomkins,https://api.openalex.org/works?filter=author.id:A5046305810,7.0,45.0,US
mirza nayeem ahmed,https://openalex.org/A5125057768,Mirza Nayeem Ahmed,https://api.openalex.org/works?filter=author.id:A5125057768,0.0,2.0,
elena candellone,https://openalex.org/A5092645218,Elena Candellone,https://api.openalex.org/works?filter=author.id:A5092645218,2.0,7.0,NL
shazia'ayn babul,https://openalex.org/A5034911136,Shelina Babul,https://api.openalex.org/works?filter=author.id:A5034911136,20.0,113.0,CA
bryan li,https://openalex.org/A5051043751,Jonathan Marchini,https://api.openalex.org/works?filter=author.id:A5051043751,85.0,229.0,US
brahmani nutakki,https://openalex.org/A5044851119,Brahmani Nutakki,https://api.openalex.org/works?filter=author.id:A5044851119,3.0,6.0,DE
ryo adachi,https://openalex.org/A5044908628,Yoichi Yatsu,https://api.openalex.org/works?filter=author.id:A5044908628,26.0,187.0,JP
ryo sasaki,https://openalex.org/A5016665259,Ryo Sasaki,https://api.openalex.org/works?filter=author.id:A5016665259,23.0,211.0,JP
caroline violot,https://openalex.org/A5094063486,Caroline Violot,https://api.openalex.org/works?filter=author.id:A5094063486,1.0,7.0,CH
vera sosnovik,https://openalex.org/A5083550860,Vera Sosnovik,https://api.openalex.org/works?filter=author.id:A5083550860,2.0,7.0,
mathias humbert,https://openalex.org/A5053332520,Mathias Humbert,https://api.openalex.org/works?filter=author.id:A5053332520,21.0,96.0,CH
yan wang,https://openalex.org/A5101759768,Dayan Wang,https://api.openalex.org/works?filter=author.id:A5101759768,54.0,349.0,CN
ruining he,https://openalex.org/A5109587088,Ruining He,https://api.openalex.org/works?filter=author.id:A5109587088,18.0,30.0,
diletta goglia,https://openalex.org/A5063013145,Diletta Goglia,https://api.openalex.org/works?filter=author.id:A5063013145,2.0,6.0,IT
davide vega,https://openalex.org/A5019051904,Davide Vega,https://api.openalex.org/works?filter=author.id:A5019051904,11.0,55.0,
ece calikus,https://openalex.org/A5004308290,Ece Calikus,https://api.openalex.org/works?filter=author.id:A5004308290,6.0,14.0,SE
anton gollwitzer,https://openalex.org/A5031295007,Anton Gollwitzer,https://api.openalex.org/works?filter=author.id:A5031295007,19.0,59.0,NO
franziska weeber,https://openalex.org/A5001708723,Franziska Weeber,https://api.openalex.org/works?filter=author.id:A5001708723,2.0,8.0,DE
tanise ceron,https://openalex.org/A5057586513,Tanise Ceron,https://api.openalex.org/works?filter=author.id:A5057586513,3.0,13.0,DE
sebastian padó,https://openalex.org/A5003870894,Sebastian Padó,https://api.openalex.org/works?filter=author.id:A5003870894,35.0,220.0,
isabelle langrock,https://openalex.org/A5029529751,Isabelle Langrock,https://api.openalex.org/works?filter=author.id:A5029529751,3.0,8.0,FR
jen schradie,https://openalex.org/A5011481532,Jen Schradie,https://api.openalex.org/works?filter=author.id:A5011481532,11.0,51.0,FR
xinyang wang,https://openalex.org/A5108696289,Xinyang Wang,https://api.openalex.org/works?filter=author.id:A5108696289,50.0,404.0,CN
zhouhan chen,https://openalex.org/A5027253160,Zhouhan Chen,https://api.openalex.org/works?filter=author.id:A5027253160,6.0,7.0,CN
erin walk,https://openalex.org/A5075790566,Erin Walk,https://api.openalex.org/works?filter=author.id:A5075790566,3.0,10.0,US
sean westwood,https://openalex.org/A5005694063,Sean Westwood,https://api.openalex.org/works?filter=author.id:A5005694063,22.0,129.0,US
derek holliday,https://openalex.org/A5011855937,Derek Holliday,https://api.openalex.org/works?filter=author.id:A5011855937,6.0,14.0,US
janine schröder,https://openalex.org/A5044701156,Janine Schröder,https://api.openalex.org/works?filter=author.id:A5044701156,2.0,12.0,
raphael richter,https://openalex.org/A5000975021,Raphael Richter,https://api.openalex.org/works?filter=author.id:A5000975021,5.0,14.0,DE
arkadiusz lipiecki,https://openalex.org/A5080988332,Arkadiusz Lipiecki,https://api.openalex.org/works?filter=author.id:A5080988332,3.0,14.0,
katarzyna sznajd-weron,https://openalex.org/A5089975070,Katarzyna Sznajd-Weron,https://api.openalex.org/works?filter=author.id:A5089975070,24.0,116.0,PL
barbara kamińska,https://openalex.org/A5035237325,Barbara Kamińska,https://api.openalex.org/works?filter=author.id:A5035237325,19.0,86.0,
stanisław stępień,https://openalex.org/A5025826537,Krzysztof Stępień,https://api.openalex.org/works?filter=author.id:A5025826537,17.0,119.0,PL
michalina janik,https://openalex.org/A5122308898,Michalina Janik,https://api.openalex.org/works?filter=author.id:A5122308898,0.0,2.0,
mateusz nurek,https://openalex.org/A5001887300,Mateusz Nurek,https://api.openalex.org/works?filter=author.id:A5001887300,3.0,12.0,
akrati saxena,https://openalex.org/A5055236010,Akrati Saxena,https://api.openalex.org/works?filter=author.id:A5055236010,12.0,88.0,NL
radosław michalski,https://openalex.org/A5089195241,Radosław Michalski,https://api.openalex.org/works?filter=author.id:A5089195241,21.0,70.0,PL
samuel martin-gutierrez,https://openalex.org/A5067456203,Samuel Martín-Gutíerrez,https://api.openalex.org/works?filter=author.id:A5067456203,7.0,26.0,
nicola cinardi,https://openalex.org/A5012591564,Roberta Angelico,https://api.openalex.org/works?filter=author.id:A5012591564,26.0,155.0,
huang chenwen,https://openalex.org/A5030190071,Chenwen Huang,https://api.openalex.org/works?filter=author.id:A5030190071,3.0,6.0,CN
yasin yılmaz,https://openalex.org/A5036320427,Yasin Yılmaz,https://api.openalex.org/works?filter=author.id:A5036320427,24.0,182.0,TR
şükrü atsızelti,https://openalex.org/A5093136191,Şükrü Atsızelti,https://api.openalex.org/works?filter=author.id:A5093136191,2.0,8.0,TR
yunus uğur,https://openalex.org/A5015353040,Yunus Uğur,https://api.openalex.org/works?filter=author.id:A5015353040,3.0,32.0,TR
jiayu chen,https://openalex.org/A5100380043,Jiayu Chen,https://api.openalex.org/works?filter=author.id:A5100380043,32.0,217.0,CN
bruno t. sugano,https://openalex.org/A5116143840,Bruno Toshio SUGANO,https://api.openalex.org/works?filter=author.id:A5116143840,0.0,2.0,
tasuku igarashi,https://openalex.org/A5020702662,Tasuku Igarashi,https://api.openalex.org/works?filter=author.id:A5020702662,14.0,87.0,JP
wenchang wang,https://openalex.org/A5101631682,Wenchang Wang,https://api.openalex.org/works?filter=author.id:A5101631682,36.0,228.0,CN
kohei ishii,https://openalex.org/A5040581923,Kohei Nakachi,https://api.openalex.org/works?filter=author.id:A5040581923,23.0,93.0,JP
akihiro kameda,https://openalex.org/A5005645734,Akihiro Kameda,https://api.openalex.org/works?filter=author.id:A5005645734,7.0,23.0,US
adrien letellier,https://openalex.org/A5082562050,Adrien Letellier,https://api.openalex.org/works?filter=author.id:A5082562050,4.0,5.0,CA
alessandro riboni,https://openalex.org/A5011822190,Francisco J. Ruge‐Murcia,https://api.openalex.org/works?filter=author.id:A5011822190,25.0,94.0,CA
francisco ruge-murcia,https://openalex.org/A5076779869,Alexander L. Wolman,https://api.openalex.org/works?filter=author.id:A5076779869,22.0,103.0,US
yulin dong,https://openalex.org/A5102276878,Yulin Dong,https://api.openalex.org/works?filter=author.id:A5102276878,17.0,35.0,CN
lusha zhu,https://openalex.org/A5088453666,Andrew S. Kayser,https://api.openalex.org/works?filter=author.id:A5088453666,24.0,76.0,US
elisabetta colosi,https://openalex.org/A5021538265,Elisabetta Colosi,https://api.openalex.org/works?filter=author.id:A5021538265,4.0,12.0,FR
maria cucciniello,https://openalex.org/A5041723151,Maria Cucciniello,https://api.openalex.org/works?filter=author.id:A5041723151,24.0,86.0,IT
lorenzo lucchini,https://openalex.org/A5027019842,Lorenzo Lucchini,https://api.openalex.org/works?filter=author.id:A5027019842,8.0,36.0,
vittoria colizza,https://openalex.org/A5025218537,Vittoria Colizza,https://api.openalex.org/works?filter=author.id:A5025218537,60.0,274.0,FR
yamir moreno,https://openalex.org/A5084793824,Yamir Moreno,https://api.openalex.org/works?filter=author.id:A5084793824,75.0,441.0,
renu singh,https://openalex.org/A5050812782,Renu Singh,https://api.openalex.org/works?filter=author.id:A5050812782,23.0,95.0,
filippo trentini,https://openalex.org/A5036743779,Filippo Trentini,https://api.openalex.org/works?filter=author.id:A5036743779,28.0,88.0,US
yuhan li,https://openalex.org/A5020228335,Yiyun Cheng,https://api.openalex.org/works?filter=author.id:A5020228335,66.0,283.0,US
nicolò gozzi,https://openalex.org/A5069579180,Nicolò Gozzi,https://api.openalex.org/works?filter=author.id:A5069579180,13.0,47.0,US
nicola perra,https://openalex.org/A5031799782,Nicola Perra,https://api.openalex.org/works?filter=author.id:A5031799782,36.0,139.0,US
robert paluch,https://openalex.org/A5065140311,Robert Paluch,https://api.openalex.org/works?filter=author.id:A5065140311,5.0,14.0,PL
robert jankowski,https://openalex.org/A5032478403,Robert Jankowski,https://api.openalex.org/works?filter=author.id:A5032478403,44.0,284.0,ES
sascha grehl,https://openalex.org/A5045760597,Sascha Grehl,https://api.openalex.org/works?filter=author.id:A5045760597,3.0,8.0,DE
nico mutzner,https://openalex.org/A5050477935,Nico Mutzner,https://api.openalex.org/works?filter=author.id:A5050477935,3.0,7.0,CH
heiko rauhut,https://openalex.org/A5006672000,Heiko Rauhut,https://api.openalex.org/works?filter=author.id:A5006672000,16.0,83.0,
christopher k. frantz,https://openalex.org/A5090537015,Christopher Frantz,https://api.openalex.org/works?filter=author.id:A5090537015,10.0,73.0,NO
davide beraldo,https://openalex.org/A5061221995,Davide Beraldo,https://api.openalex.org/works?filter=author.id:A5061221995,9.0,23.0,NL
valeria rainero,https://openalex.org/A5123681003,Valeria Rainero,https://api.openalex.org/works?filter=author.id:A5123681003,0.0,1.0,
ruud luijkx,https://openalex.org/A5074231430,Ruud Luijkx,https://api.openalex.org/works?filter=author.id:A5074231430,30.0,175.0,
niclas frederic sturm,https://openalex.org/A5116019828,Niclas Frederic Sturm,https://api.openalex.org/works?filter=author.id:A5116019828,1.0,2.0,PT
cristian candia,https://openalex.org/A5075717967,Cristián Candia,https://api.openalex.org/works?filter=author.id:A5075717967,8.0,57.0,US
bruno damásio,https://openalex.org/A5002552451,Bruno Figueiredo Damásio,https://api.openalex.org/works?filter=author.id:A5002552451,23.0,98.0,BR
flávio l. pinheiro,https://openalex.org/A5056296020,Flávio L. Pinheiro,https://api.openalex.org/works?filter=author.id:A5056296020,21.0,98.0,PT
daniel juhász vigild,https://openalex.org/A5107662833,Daniel Juhász Vigild,https://api.openalex.org/works?filter=author.id:A5107662833,1.0,1.0,DK
richard cannon,https://openalex.org/A5111619738,Richard O. Cannon,https://api.openalex.org/works?filter=author.id:A5111619738,74.0,230.0,
jim everett,https://openalex.org/A5024663213,Jim A. C. Everett,https://api.openalex.org/works?filter=author.id:A5024663213,30.0,102.0,GB
amr hilal,https://openalex.org/A5001076668,Amr Hilal,https://api.openalex.org/works?filter=author.id:A5001076668,5.0,23.0,US
sijia qian,https://openalex.org/A5044652655,Magdalena Wojcieszak,https://api.openalex.org/works?filter=author.id:A5044652655,39.0,177.0,PL
alexander mintz,https://openalex.org/A5067988005,Alexander Birbrair,https://api.openalex.org/works?filter=author.id:A5067988005,41.0,215.0,US
ohhyun kwon,https://openalex.org/A5101848967,Oh‐Hyun Kwon,https://api.openalex.org/works?filter=author.id:A5101848967,8.0,31.0,KR
lav r. varshney,https://openalex.org/A5065423139,Lav R. Varshney,https://api.openalex.org/works?filter=author.id:A5065423139,33.0,447.0,US
woo-sung jung,https://openalex.org/A5040094074,Woo‐Sung Jung,https://api.openalex.org/works?filter=author.id:A5040094074,25.0,156.0,
ola ali,https://openalex.org/A5088930027,Khalid S. Khan,https://api.openalex.org/works?filter=author.id:A5088930027,100.0,1052.0,
gergely mónus,https://openalex.org/A5039822591,Gergely Mónus,https://api.openalex.org/works?filter=author.id:A5039822591,2.0,4.0,
jiaxuan li,https://openalex.org/A5061797775,Zhiwei Yang,https://api.openalex.org/works?filter=author.id:A5061797775,46.0,353.0,CN
daniela perrotta,https://openalex.org/A5017402210,F. Perrotta,https://api.openalex.org/works?filter=author.id:A5017402210,108.0,267.0,IT
saule bekova,https://openalex.org/A5016944327,Сауле Бекова,https://api.openalex.org/works?filter=author.id:A5016944327,9.0,33.0,AU
daniel o'brien,https://openalex.org/A5101447815,Daniel R. O’Brien,https://api.openalex.org/works?filter=author.id:A5101447815,34.0,146.0,US
caspar j. van lissa,https://openalex.org/A5069426228,Caspar J. Van Lissa,https://api.openalex.org/works?filter=author.id:A5069426228,36.0,200.0,NL
robin na,https://openalex.org/A5041535475,Naihua Duan,https://api.openalex.org/works?filter=author.id:A5041535475,84.0,353.0,CN
azza bouleimen,https://openalex.org/A5076789096,Azza Bouleimen,https://api.openalex.org/works?filter=author.id:A5076789096,1.0,8.0,CH
giordano de marzo,https://openalex.org/A5020804251,Giordano De Marzo,https://api.openalex.org/works?filter=author.id:A5020804251,8.0,51.0,
taehee kim,https://openalex.org/A5100369134,Taehee Kim,https://api.openalex.org/works?filter=author.id:A5100369134,26.0,85.0,KR
hannah metzler,https://openalex.org/A5054129638,H. Metzler,https://api.openalex.org/works?filter=author.id:A5054129638,23.0,145.0,SE
ben lasse wolf,https://openalex.org/A5011976528,Ben Lasse Wolf,https://api.openalex.org/works?filter=author.id:A5011976528,0.0,3.0,DE
na jiang,https://openalex.org/A5101667175,Na Jiang,https://api.openalex.org/works?filter=author.id:A5101667175,29.0,232.0,JP
boyu wang,https://openalex.org/A5079920605,Pong C. Yuen,https://api.openalex.org/works?filter=author.id:A5079920605,64.0,345.0,HK
andrew crooks,https://openalex.org/A5049314735,Andrew Crooks,https://api.openalex.org/works?filter=author.id:A5049314735,42.0,210.0,
ruggero marino lazzaroni,https://openalex.org/A5113390774,Ruggero Marino Lazzaroni,https://api.openalex.org/works?filter=author.id:A5113390774,1.0,2.0,DE
philipp reineke,https://openalex.org/A5057067619,Philipp Reineke,https://api.openalex.org/works?filter=author.id:A5057067619,3.0,10.0,US
jibeom seo,https://openalex.org/A5101462903,Jin H. Seo,https://api.openalex.org/works?filter=author.id:A5101462903,25.0,136.0,KR
beom jun kim,https://openalex.org/A5101866798,Beom Jun Kim,https://api.openalex.org/works?filter=author.id:A5101866798,31.0,235.0,KR
jonathan ivey,https://openalex.org/A5111084104,Jonathan Ivey,https://api.openalex.org/works?filter=author.id:A5111084104,1.0,5.0,
shivani kumar,https://openalex.org/A5056889098,Saru Kumari,https://api.openalex.org/works?filter=author.id:A5056889098,68.0,404.0,IN
jiayu liu,https://openalex.org/A5100329932,Xi Chen,https://api.openalex.org/works?filter=author.id:A5100329932,81.0,928.0,CN
rohan raju,https://openalex.org/A5008734987,Shibendu Shekhar Roy,https://api.openalex.org/works?filter=author.id:A5008734987,31.0,352.0,
junghwan kim,https://openalex.org/A5100360502,Junghwan Kim,https://api.openalex.org/works?filter=author.id:A5100360502,44.0,182.0,KR
tariq choucair,https://openalex.org/A5043435281,Tariq Choucair,https://api.openalex.org/works?filter=author.id:A5043435281,4.0,34.0,AU
kateryna kasianenko,https://openalex.org/A5052947335,Kateryna Kasianenko,https://api.openalex.org/works?filter=author.id:A5052947335,3.0,10.0,AU
ehsan dehghan,https://openalex.org/A5074870255,Ehsan Dehghan,https://api.openalex.org/works?filter=author.id:A5074870255,15.0,93.0,AU
axel bruns,https://openalex.org/A5025254950,Axel Bruns,https://api.openalex.org/works?filter=author.id:A5025254950,58.0,526.0,AU
vish padinjaredath suresh,https://openalex.org/A5015889955,Padinjaredath Suresh Vishnuprasad,https://api.openalex.org/works?filter=author.id:A5015889955,3.0,3.0,AU
sebastian svegaard,https://openalex.org/A5030630783,Sebastian F. K. Svegaard,https://api.openalex.org/works?filter=author.id:A5030630783,2.0,14.0,AU
samantha vilkins,https://openalex.org/A5052234409,Samantha Vilkins,https://api.openalex.org/works?filter=author.id:A5052234409,5.0,18.0,AU
ben dennes,https://openalex.org/A5074377249,Ben Dennes,https://api.openalex.org/works?filter=author.id:A5074377249,1.0,2.0,GB
travis coan,https://openalex.org/A5060009020,Travis Coan,https://api.openalex.org/works?filter=author.id:A5060009020,21.0,83.0,GB
saffron o'neill,https://openalex.org/A5071226975,Saffron O’Neill,https://api.openalex.org/works?filter=author.id:A5071226975,36.0,91.0,GB
hywel t.p. williams,https://openalex.org/A5029718403,Hywel T. P. Williams,https://api.openalex.org/works?filter=author.id:A5029718403,29.0,111.0,GB
agnieszka czaplicka,https://openalex.org/A5086011172,Agnieszka Czaplicka,https://api.openalex.org/works?filter=author.id:A5086011172,6.0,23.0,PL
fabian baumann,https://openalex.org/A5011769443,Román Scoccimarro,https://api.openalex.org/works?filter=author.id:A5011769443,69.0,133.0,US
thomas chesney,https://openalex.org/A5050750056,Thomas Chesney,https://api.openalex.org/works?filter=author.id:A5050750056,17.0,109.0,
tahmineh godazgar,https://openalex.org/A5004333240,Tahmineh Godazgar,https://api.openalex.org/works?filter=author.id:A5004333240,1.0,1.0,IR
diogo geraldes,https://openalex.org/A5045790313,Diogo M. Geraldes,https://api.openalex.org/works?filter=author.id:A5045790313,9.0,15.0,
max r. p. grossmann,https://openalex.org/A5012128678,Max R. P. Grossmann,https://api.openalex.org/works?filter=author.id:A5012128678,2.0,9.0,DE
mengmeng wu,https://openalex.org/A5115588111,Mengmeng Wu,https://api.openalex.org/works?filter=author.id:A5115588111,113.0,940.0,US
wifag adnan,https://openalex.org/A5068231975,Wifag Adnan,https://api.openalex.org/works?filter=author.id:A5068231975,7.0,29.0,US
kerstin ostermann,https://openalex.org/A5028806505,Kerstin Ostermann,https://api.openalex.org/works?filter=author.id:A5028806505,3.0,15.0,
nan zhang,https://openalex.org/A5100331317,Nan Zhang,https://api.openalex.org/works?filter=author.id:A5100331317,78.0,382.0,CN
bijin joseph,https://openalex.org/A5022729086,Bijin Joseph,https://api.openalex.org/works?filter=author.id:A5022729086,2.0,5.0,IN
ethel elikem mensah,https://openalex.org/A5113224108,Ekow Mensah,https://api.openalex.org/works?filter=author.id:A5113224108,7.0,31.0,GB
trivik verma,https://openalex.org/A5082117791,Trivik Verma,https://api.openalex.org/works?filter=author.id:A5082117791,15.0,66.0,GB
horacio samaniego,https://openalex.org/A5022414281,Horacio Samaniego,https://api.openalex.org/works?filter=author.id:A5022414281,13.0,48.0,CL
yerka freire,https://openalex.org/A5090538407,Yerka Freire-Vidal,https://api.openalex.org/works?filter=author.id:A5090538407,2.0,3.0,CL
alexandre evsukoff,https://openalex.org/A5080030270,Alexandre G. Evsukoff,https://api.openalex.org/works?filter=author.id:A5080030270,20.0,126.0,BR
elizabeth jacobs,https://openalex.org/A5081350025,Elizabeth A. Jacobs,https://api.openalex.org/works?filter=author.id:A5081350025,50.0,261.0,US
moontae lee,https://openalex.org/A5108652283,Honglak Lee,https://api.openalex.org/works?filter=author.id:A5108652283,83.0,373.0,KR
ali tafti,https://openalex.org/A5000760201,Ali Tafti,https://api.openalex.org/works?filter=author.id:A5000760201,15.0,62.0,IR
kemal kirtac,https://openalex.org/A5108909107,Kemal Kirtac,https://api.openalex.org/works?filter=author.id:A5108909107,3.0,6.0,GB
guido germano,https://openalex.org/A5066615785,Guido Germano,https://api.openalex.org/works?filter=author.id:A5066615785,86.0,481.0,GB
matthew curtis,https://openalex.org/A5025934990,Xingzhi Song,https://api.openalex.org/works?filter=author.id:A5025934990,55.0,380.0,US
oromia sero,https://openalex.org/A5120236069,Oromia Sero,https://api.openalex.org/works?filter=author.id:A5120236069,0.0,1.0,NL
björn lindström,https://openalex.org/A5063460972,Björn Lindström,https://api.openalex.org/works?filter=author.id:A5063460972,21.0,61.0,SE
carl nordlund,https://openalex.org/A5033663242,Carl Nordlund,https://api.openalex.org/works?filter=author.id:A5033663242,6.0,24.0,
christian steglich,https://openalex.org/A5030685996,Christian Steglich,https://api.openalex.org/works?filter=author.id:A5030685996,42.0,104.0,
neha gondal,https://openalex.org/A5034089559,Neha Gondal,https://api.openalex.org/works?filter=author.id:A5034089559,11.0,24.0,US
victor møller poulsen,https://openalex.org/A5059830287,Victor Møller Poulsen,https://api.openalex.org/works?filter=author.id:A5059830287,2.0,7.0,US
munjung kim,https://openalex.org/A5013327023,Munjung Kim,https://api.openalex.org/works?filter=author.id:A5013327023,2.0,5.0,
